,単元,問題文,選択肢1,選択肢2,選択肢3,選択肢4,解答,解説
0,人工知能　AIとは,自らの判断で自律的に振る舞うエージェントに基づき分類したとき、「機械学習を取り入れた人工知能」の説明として最も適切な選択肢を選択してください。,あらかじめ決められた設定に基づいて振る舞うプログラム,複数の入力を組み合わせ、推論・探索・知識データを活用し、状況に応じて複雑な振る舞いが可能なもの,大量のデータから入力と出力のルール・関係性などを学習したもの,何に注目するべきかを表す特徴量を自ら判断し学習するもの,3,"選択肢3が正解です。
大量のデータから入力と出力のルール・関係性などを学習したものは「機械学習を取り入れた人工知能」です。機械学習を取り入れた人工知能を搭載した製品（サービス）として、検索エンジン・スパムメール判定システムなどが挙げられます。また、人工知能をレベル別に分類したとき、機械学習を取り入れた人工知能はレベル3に該当します。

選択肢1：あらかじめ決められた設定に基づいて振る舞うプログラムは「単純な制御プログラム（ルールベースの制御）」です。単純な制御プログラム（ルールベースの制御）を搭載した製品として、冷蔵庫、エアコン、炊飯器などが挙げられます。また、人工知能をレベル別に分類したとき、単純な制御プログラム（ルールベースの制御）はレベル1に該当します。
選択肢2：複数の入力を組み合わせ、推論・探索・知識データを活用し、状況に応じて複雑な振る舞いが可能なものは「古典的な人工知能」です。古典的な人工知能を搭載した製品として、お掃除ロボット、医療診断プログラムなどが挙げられます。また、人工知能をレベル別に分類したとき、古典的な人工知能はレベル2に該当します。
選択肢4：何に注目するべきかを表す特徴量を自ら判断し学習するものは「ディープラーニングを取り入れた人工知能」です。ディープラーニングを取り入れた人工知能を搭載した製品（サービス）として、画像認識、音声認識、自動翻訳などが挙げられます。また、人工知能をレベル別に分類したとき、ディープラーニングを取り入れた人工知能はレベル4に該当します。"
1,人工知能　AIとは,機械学習とデータの関係に関する説明として、最も不適切な選択肢を選択してください。,一般にデータ数が多いほど、モデルの精度は高くなる,特徴量や学習率は全て機械が自動的に決めるため、ブラックボックス化が起こりやすい,インターネットの普及により、機械学習で使用できるデータ量が増加した,カメラなどの価格が低下したことでデータを収集するコストも低下した,2,"選択肢2が正解です。
特徴量や学習率を機械が全て決めているわけではありません。例えば、学習率は「専門家」が決めていることが多いです。よって、「特徴量や学習率は全て機械が自動的に決めるため、ブラックボックス化が起こりやすい」は間違いです。

選択肢1：正しい説明です。一般にデータ数が多いほど、モデルの精度は高くなります。
選択肢3：正しい説明です。インターネットの普及により、機械学習で使用できるデータ量が増加しました。
選択肢4：正しい説明です。カメラなどの価格が低下したことでデータを収集するコストも低下しました。"
2,人工知能　AIとは,ディープラーニングを取り入れた人工知能とは、何に注目するべきかを表す（ア）を自ら判断し学習するものである。,停留点,Q値,コーパス,特徴量,4,"選択肢4が正解です。
特徴量とは、対象となるデータの特徴を定量的に表したものです。

選択肢1：停留点とは、関数の微分が0になる点のことを言います。停留点の影響で学習が進みにくくなります。
選択肢2：Q値とは、行動価値関数から返ってくる値のことです。
選択肢3：コーパスとは、自然言語の文章を構造化し、まとめたもので、対訳データとも言われています"
3,人工知能　AIとは,ジョン・マッカーシーは、1956年に開催された（ア）会議で、人工知能という言葉を初めて使った人物である。,ダートマス,ハーバード,オックスフォード,マサチューセッツ,1,"選択肢1が正解です。
ジョン・マッカーシーは、1956年に開催された（ダートマス）会議で、人工知能という言葉を初めて使った人物です。
以上から、選択肢1のダートマスが正解になります。"
4,人工知能　AIとは,"（ア）に最もよく当てはまる選択肢を選んでください。
人工知能研究は、「ブーム」と「冬の時代」が繰り返されてきた。第1次人工知能ブームは推論・探索の時代と言われ、推論・探索の研究が進んだ。しかし、迷路の謎解きなどのように簡単な問題である（ア）は解ける一方で、現実世界の複雑な問題を解くことができないことが明らかになると、「ブーム」が終わり「冬の時代」になってしまった。 第2次人工知能ブームは、知識の時代と言われ、特定の専門分野の知識を大量に取り込み、その知識をもとに専門家のように様々な推論・判断を行うシステムである（イ）などの研究が進められた。また、日本では、政府によって（ウ）と呼ばれる大型プロジェクトが推進された。しかし、大量の知識を与えるコストが大きい上に、知識を明確にカテゴリー分けすることが難しいことが明らかになると、「ブーム」が終わり「冬の時代」になってしまった。 第3次人工知能ブームは、機械学習・特徴表現学習の時代と言われ、大量のデータ（ビッグデータ）を用いることで人工知能が自ら知識を獲得する機械学習、他にもデータの特徴量を人工知能自らが学習する（エ）などの登場が「ブーム」のきっかけになった。",シンボルグラウンディング問題,フレーム問題,トイ・プロブレム,勾配消失問題,3,"選択肢3が正解です。
トイ・プロブレムとは、迷路やオセロなどといったルールが決まりきっているような簡単な問題のことをいいます。

選択肢1：シンボルグラウンディング問題とは、コンピュータがシンボル（記号）を現実世界の意味とどのように結びつけるかという問題のことを言います。例えば、人間の場合は、「ウマ」と「縞模様」を知っていれば、「シマウマ」を知らなくても、縞模様をもつウマであることを想像することができます。一方、人工知能は「ウマ」と「縞模様」の用語を学習していても、用語を本質的に理解していないので、両者を結びつけて「シマウマ」を想像することができません。シンボルグラウンディング問題は、認知科学者のスティーブン・ハルナッドにより議論されたものです。
選択肢2：フレーム問題とは、処理能力が限られている人工知能では、現実に起こりうる全ての問題に対応することができないという問題のことです。フレーム問題は、人工知能における解決するべき重要な問題の1つです。
選択肢4：勾配消失問題とは、誤差逆伝播法において、出力層から入力層に向けて勾配が緩やかになっていき、入力層付近では実質的に重みが調整できなくなり、学習が進まなくなってしまう問題のことをいいます。"
5,人工知能　AIとは,"（イ）に最もよく当てはまる選択肢を選んでください。
人工知能研究は、「ブーム」と「冬の時代」が繰り返されてきた。第1次人工知能ブームは推論・探索の時代と言われ、推論・探索の研究が進んだ。しかし、迷路の謎解きなどのように簡単な問題である（ア）は解ける一方で、現実世界の複雑な問題を解くことができないことが明らかになると、「ブーム」が終わり「冬の時代」になってしまった。 第2次人工知能ブームは、知識の時代と言われ、特定の専門分野の知識を大量に取り込み、その知識をもとに専門家のように様々な推論・判断を行うシステムである（イ）などの研究が進められた。また、日本では、政府によって（ウ）と呼ばれる大型プロジェクトが推進された。しかし、大量の知識を与えるコストが大きい上に、知識を明確にカテゴリー分けすることが難しいことが明らかになると、「ブーム」が終わり「冬の時代」になってしまった。 第3次人工知能ブームは、機械学習・特徴表現学習の時代と言われ、大量のデータ（ビッグデータ）を用いることで人工知能が自ら知識を獲得する機械学習、他にもデータの特徴量を人工知能自らが学習する（エ）などの登場が「ブーム」のきっかけになった。",深層学習,ナレッジ管理システム,シンギュラリティー,エキスパートシステム,4,"選択肢4が正解です。
エキスパートシステムとは、特定の専門分野の知識を大量に取り込み、その知識をもとに専門家のように様々な推論・判断を行うシステムのことを言います。

選択肢1：深層学習とは、データの特徴を定量的に表したもの（特徴量）を人工知能が自ら学習する手法のことで、ディープラーニングとも呼ばれています。
選択肢2：ナレッジ管理システムとは、知識を管理するシステムのことで、基本的に推論や判断を行うことはありません。
選択肢3：シンギュラリティーとは、人工知能の発展により、人間の能力を超える技術的特異点のことを言います。また、人工知能が自分よりも賢い人工知能を作れるようになることで、加速度的に人工知能の性能は飛躍すると予測されています。レイ・カーツワイルは2045年にシンギュラリティーが訪れることを予測しています。"
6,人工知能　AIとは,"（ウ）に最もよく当てはまる選択肢を選んでください。
人工知能研究は、「ブーム」と「冬の時代」が繰り返されてきた。第1次人工知能ブームは推論・探索の時代と言われ、推論・探索の研究が進んだ。しかし、迷路の謎解きなどのように簡単な問題である（ア）は解ける一方で、現実世界の複雑な問題を解くことができないことが明らかになると、「ブーム」が終わり「冬の時代」になってしまった。 第2次人工知能ブームは、知識の時代と言われ、特定の専門分野の知識を大量に取り込み、その知識をもとに専門家のように様々な推論・判断を行うシステムである（イ）などの研究が進められた。また、日本では、政府によって（ウ）と呼ばれる大型プロジェクトが推進された。しかし、大量の知識を与えるコストが大きい上に、知識を明確にカテゴリー分けすることが難しいことが明らかになると、「ブーム」が終わり「冬の時代」になってしまった。 第3次人工知能ブームは、機械学習・特徴表現学習の時代と言われ、大量のデータ（ビッグデータ）を用いることで人工知能が自ら知識を獲得する機械学習、他にもデータの特徴量を人工知能自らが学習する（エ）などの登場が「ブーム」のきっかけになった。",Cycプロジェクト,第5世代コンピュータ,ブラックボックス,DENDRAL,2,"選択肢2が正解です。
第5世代コンピュータとは、1982年から1992年にかけて日本政府によって推進された大型の国家プロジェクトで、人工知能コンピュータの開発を目的とし、およそ540億円の国家予算が投入されました。

選択肢1：Cycプロジェクトとは、人間が持つ一般常識を全てデータベース化し、人間と同様の推論システムを構築することを目的とするプロジェクトのことです。1984年に開始され、現在でも入力作業は続けられています。
選択肢3：ブラックボックスとは、中身がどうなっているのか不明であることをいいます。人工知能分野では、AIが出力したものが、どのようなプロセスで導き出されたのか分からないことをブラックボックスといいます。
選択肢4：DENDRALは、1960年代の人工知能に関するプロジェクトのことで、未知の有機化合物を分析し、有機化学の知識を使って特定する世界初のエキスパートシステムです。"
7,人工知能　AIとは,"（エ）に最もよく当てはまる選択肢を選んでください。
人工知能研究は、「ブーム」と「冬の時代」が繰り返されてきた。第1次人工知能ブームは推論・探索の時代と言われ、推論・探索の研究が進んだ。しかし、迷路の謎解きなどのように簡単な問題である（ア）は解ける一方で、現実世界の複雑な問題を解くことができないことが明らかになると、「ブーム」が終わり「冬の時代」になってしまった。 第2次人工知能ブームは、知識の時代と言われ、特定の専門分野の知識を大量に取り込み、その知識をもとに専門家のように様々な推論・判断を行うシステムである（イ）などの研究が進められた。また、日本では、政府によって（ウ）と呼ばれる大型プロジェクトが推進された。しかし、大量の知識を与えるコストが大きい上に、知識を明確にカテゴリー分けすることが難しいことが明らかになると、「ブーム」が終わり「冬の時代」になってしまった。 第3次人工知能ブームは、機械学習・特徴表現学習の時代と言われ、大量のデータ（ビッグデータ）を用いることで人工知能が自ら知識を獲得する機械学習、他にもデータの特徴量を人工知能自らが学習する（エ）などの登場が「ブーム」のきっかけになった。",ディープラーニング,人工無脳,Question-Answering（質問応答）,OpenAI Five,1,"選択肢1が正解です。
ディープラーニングとは、データの特徴を定量的に表したもの（特徴量）を人工知能が自ら学習する手法のことで、深層学習とも呼ばれています。

選択肢2：人工無脳とは、チャットボットなどと呼ばれるプログラムのことをいいます。あらかじめ質問に対する回答などが設定されており、入力されたキーワードをもとに機械的に質問に回答するプログラムです。
選択肢3：Question-Answering（質問応答）とは、自然言語の質問をユーザーから受けつけ、その解答を返すシステムのことを言います。
選択肢4：OpenAI Fiveは、人工知能を研究する団体であるOpenAIが開発したシステムで、対戦型リアルタイムストラテジーゲーム「Dota 2」の2018年度世界大会覇者OGに勝利しました。"
8,人工知能をめぐる動向,"（ア）に最もよく当てはまる選択肢を選んでください。
コンピュータでボードゲームを解く場合、探索を行うが、その組み合わせの数は天文学的な数字になることがある。そこで、効率の良い探索を行うために（ア）の概念が取り入れられている。また、（ア）を計算するとき、あらかじめ知っている知識を活用することで探索を効率化することができる。なお、あらかじめ知っている知識は、（イ）と呼ばれる。ボードゲームのゲーム戦略としては、自分が手を打つときは自分が有利に、相手が手を打つときは自分が不利になるような手を打つだろうと仮定して戦略を立てる手法である（ウ）が使われている。（ウ）による探索を効率化するために、特定の手（ノード）を切り捨てる（エ）という手法が使われている。",コスト,方策,コーパス,特異値分解,1,"選択肢1が正解です。
コストとは、効率の良い探索を行うために導入されている概念で、コストが大きすぎる探索を省略することで、探索数の削減を行っています。

選択肢2：方策とは、エージェントの行動基準のことを言います。方策には、ε-greedy方策やUCB方策などがあります。
選択肢3：コーパスとは、自然言語の文章を構造化し、まとめたもので、対訳データとも言われています。
選択肢4：特異値分解（SVD）とは、次元削減のために用いられる手法の1つです。"
9,人工知能をめぐる動向,"（イ）に最もよく当てはまる選択肢を選んでください。
コンピュータでボードゲームを解く場合、探索を行うが、その組み合わせの数は天文学的な数字になることがある。そこで、効率の良い探索を行うために（ア）の概念が取り入れられている。また、（ア）を計算するとき、あらかじめ知っている知識を活用することで探索を効率化することができる。なお、あらかじめ知っている知識は、（イ）と呼ばれる。ボードゲームのゲーム戦略としては、自分が手を打つときは自分が有利に、相手が手を打つときは自分が不利になるような手を打つだろうと仮定して戦略を立てる手法である（ウ）が使われている。（ウ）による探索を効率化するために、特定の手（ノード）を切り捨てる（エ）という手法が使われている。",ビッグデータ,ヒューリスティックな知識,深層信念ネットワーク,データマイニング,2,"選択肢2が正解です。
ヒューリスティックな知識とは、経験などであらかじめ知っている知識のことを言います。

選択肢1：ビッグデータとは、様々な形式の大量のデータのことです。一般的に、ビッグデータは、量・速度・多様性の特性を持っています。
選択肢3：深層信念ネットワークとは、ジェフリー・ヒントンが提唱したモデルで、オートエンコーダの代わりに制限付きボルツマンマシンを積み重ねたモデルです。
選択肢4：データマイニングとは、膨大なデータ（ビッグデータ）を分析して、有益な情報を抽出する手法のことを言います。"
10,人工知能をめぐる動向,"（ウ）に最もよく当てはまる選択肢を選んでください。
コンピュータでボードゲームを解く場合、探索を行うが、その組み合わせの数は天文学的な数字になることがある。そこで、効率の良い探索を行うために（ア）の概念が取り入れられている。また、（ア）を計算するとき、あらかじめ知っている知識を活用することで探索を効率化することができる。なお、あらかじめ知っている知識は、（イ）と呼ばれる。ボードゲームのゲーム戦略としては、自分が手を打つときは自分が有利に、相手が手を打つときは自分が不利になるような手を打つだろうと仮定して戦略を立てる手法である（ウ）が使われている。（ウ）による探索を効率化するために、特定の手（ノード）を切り捨てる（エ）という手法が使われている。",k-means法,カーネル法,Mini-Max法,方策勾配法,3,"選択肢3が正解です。
Mini-Max法とは、自分が手を打つときは自分が有利に、相手が手を打つときは自分が不利になるような手を打つだろうと仮定して戦略を立てる手法のことを言います。

選択肢1：k-means法とは、教師なし学習の1種で、重心を活用し、データをあらかじめ設定したクラスタの数（k個）に分類する手法のことです。
選択肢2：カーネル法とは、分類することが難しいデータを、次元を拡張させることで、分類しやすくさせる手法のことです。次元を拡張させる関数をカーネル関数と言います。また、カーネルトリックと呼ばれるテクニックを用いることで、一般的に高次元データの計算を簡単にすることができます。
選択肢4：方策勾配法とは、エージェントの方策を、パラメータを持った関数と定義し、方策の価値が最大になるようにパラメータを学習させる手法のことを言います。"
11,人工知能をめぐる動向,"（エ）に最もよく当てはまる選択肢を選んでください。
コンピュータでボードゲームを解く場合、探索を行うが、その組み合わせの数は天文学的な数字になることがある。そこで、効率の良い探索を行うために（ア）の概念が取り入れられている。また、（ア）を計算するとき、あらかじめ知っている知識を活用することで探索を効率化することができる。なお、あらかじめ知っている知識は、（イ）と呼ばれる。ボードゲームのゲーム戦略としては、自分が手を打つときは自分が有利に、相手が手を打つときは自分が不利になるような手を打つだろうと仮定して戦略を立てる手法である（ウ）が使われている。（ウ）による探索を効率化するために、特定の手（ノード）を切り捨てる（エ）という手法が使われている。",勾配降下法,ウォード法,正規化,αβ法,4,"選択肢4が正解です。
αβ法とは、Mini-Max法による探索を効率化するために、特定の手（ノード）を切り捨て、探索する量を減らす手法のことを言います。

選択肢1：勾配降下法とは、勾配が最小となるパラメータの組み合わせを見つけ出すためのアルゴリズムのことをいいます。基本的に、繰り返し計算を行い、最適なパラメータの組み合わせを見つけていくため、時間がかかります。
選択肢2：ウォード法とは、クラスター分析で使用される手法の1つで、最も距離が近い2つのクラスタを結合し、1つのクラスタにまとめるという処理を繰り返し行う手法です。
選択肢3：正規化とは、データを利用しやすくするために、ルールに基づき、データを変形させることを言います。例えば、各特徴量を最大値で割って、各特徴量が0〜1の値になるように変形させる方法などがあります。"
12,人工知能をめぐる動向,自然言語処理の説明として、最も適切な選択肢を選択してください。,Webページに何が書かれているかをコンピュータが理解できるようにメタデータを付与し、コンピュータが自律的に処理を行う技術のこと,自然言語の文章を構造化し、まとめたもの,文章の一部を隠して見えない状態で入力し、前後文から隠した文章を予測する処理のこと,自然言語をコンピュータに処理させること,4,"選択肢4が正解です。
自然言語処理とは、人が日常的に使っている言語（自然言語）をコンピュータで処理させる技術のことを言います。

選択肢1：セマンティック・ウェブの説明です。セマンティック・ウェブとは、Webページに何が書かれているかをコンピュータが理解できるようにメタデータを付与し、コンピュータが自律的に処理を行う技術のことを言います。
選択肢2：コーパスの説明です。コーパスとは、自然言語の文章を構造化し、まとめたもので、対訳データとも言われています
選択肢3：MLM（Masked Language Model）の説明です。MLM（Masked Language Model）とは、文章の一部を隠して見えない状態で入力し、前後文から隠した文章を予測するタスクのことで、BERTの事前学習で使われる手法です。また、MLM（Masked Language Model）はマスク言語モデルとも呼ばれています。"
13,人工知能をめぐる動向,マイシン（MYCIN）の説明として不適切なものを選択してください。,スタンフォード大学で開発された,エキスパートシステムの1つである,専門医の判断よりも正解率は高かった,1970年代に開発された,3,"選択肢3が正解です。
マイシン（MYCIN）とは、スタンフォード大学で開発されたエキスパートシステムで、感染した細菌を判断するためのルールベースのシステムのことです。また、マイシン（MYCIN）による診断結果は、専門医の診断結果よりも精度は「低かった」ものの、専門ではない医師よりも診断結果の精度は高かったとされています。以上から、選択肢3の説明が最も不適切です。"
14,人工知能をめぐる動向,"（ア）に最もよく当てはまる選択肢を選んでください。
プランニングシステムであるSTRIPSは、（ア）を組み合わせて記述していく。",方策、行動、報酬,前提条件、行動、方策,方策、報酬、結果,前提条件、行動、結果,4,"選択肢4が正解です。
プランニングシステムであるSTRIPSは、（ア：前提条件、行動、結果）を組み合わせて記述していきます。以上から、選択肢4が正解になります。"
15,人工知能をめぐる動向,"（ア）に最もよく当てはまる選択肢を選んでください。
機械学習は、もともと（ア）分野の技術であった。",ロボット工学,パターン認識,アニメーション,経済工学,2,"選択肢2が正解です。
機械学習は、もともと（ア：パターン認識）分野の技術であった。パターン認識とは、画像や音声など様々なデータから一定のパターン・特徴を見つけ識別し、取り出す技術のことを言います。音声認識、顔認識、文字認識などはパターン認識の代表的な例です。

選択肢1：ロボット工学とは、ロボットに関する技術を研究する学問です。
選択肢3：アニメーションとは、動画のことで、複数の静止画により動きを作る技術のことです。
選択肢4：経済工学とは、経済的な課題を数量的な分析によって解決しようとする考え方のことです。"
16,人工知能をめぐる動向,「概念化の明示的・形式的な仕様」と定義される用語として、最も適切な選択肢を選択してください。,赤池情報量規準（AIC）,アノテーション,透明性レポート,オントロジー,4,"選択肢4が正解です。
オントロジーとは、概念を体系化する学問、知識・情報を定義するための仕様などを意味する用語です

選択肢1：赤池情報量規準（AIC）とは、モデルのあてはまり度を表す値のことで、モデルの複雑さと、データとの適合度とのバランスを知るときに使われる指標の1つです。
選択肢2：アノテーションとは、データに対してタグやメタデータなどを付与することをいいます。また、作業は複数人で行うことが多いため、各作業者によってバラツキが出ないようにマニュアルなどを制定することが大切です。
選択肢3：透明性レポートとは、利用者のデータなどをどのように活用しているのか、政府などに情報提供した件数はどれくらいかなどをまとめたレポートのことです。"
17,人工知能をめぐる動向,モラベックのパラドックスの説明として正しい選択肢を選択してください。,高度な推論よりも、1歳児レベルの知恵とスキルを身に付けさせる方がはるかに難しいということ,コンピュータがシンボルを現実世界の意味とどのように結びつけるかという問題のこと,半導体の集積密度は18ヶ月で2倍になるという経験則のこと,特徴量のなどの次元が増えると、データを分析するときの計算量や収集するべきデータ量などが指数関数的に増えてしまうこと,1,"選択肢1が正解です。
モラベックのパラドックスとは、高度な推論よりも、1歳児レベルの知恵とスキルを身に付けさせる方がはるかに難しいということです。

選択肢2：シンボルグラウンディング問題の説明です。シンボルグラウンディング問題とは、コンピュータがシンボル（記号）を現実世界の意味とどのように結びつけるかという問題のことを言います。例えば、人間の場合は、「ウマ」と「縞模様」を知っていれば、「シマウマ」を知らなくても、縞模様をもつウマであることを想像することができます。一方、人工知能は「ウマ」と「縞模様」の用語を学習していても、用語を本質的に理解していないので、両者を結びつけて「シマウマ」を想像することができません。シンボルグラウンディング問題は、認知科学者のスティーブン・ハルナッドにより議論されたものです。
選択肢3：ムーアの法則の説明です。ムーアの法則とは、ゴードン・ムーアが提唱したもので、半導体の集積密度は18ヶ月で2倍になるという経験則のことを言います。
選択肢4：次元の呪いの説明です。次元の呪いとは、特徴量のなどの次元が増えると、データを分析するときの計算量や収集するべきデータ量などが指数関数的に増えてしまう問題のことです。"
18,人工知能をめぐる動向,"（ア）に最もよく当てはまる選択肢を選んでください。
Cycプロジェクトは、約40年間という長期間続いているプロジェクトである。そのため、Cycプロジェクトは（ア）と言われている。",近代版ジャックと豆の木,現代版バベルの塔,近代版モンサンミッシェル,現代版サグラダ・ファミリア,2,"選択肢2が正解です。
Cycプロジェクトは、現代版バベルの塔と呼ばれています。Cycプロジェクトとは、人間が持つ一般常識を全てデータベース化し、人間と同様の推論システムを構築することを目的とするプロジェクトのことです。1984年に開始され、現在でも入力作業は続けられています。

選択肢1：「近代版ジャックと豆の木」という用語はありません。
選択肢3：「近代版モンサンミッシェル」という用語はありません。
選択肢4：「現代版サグラダ・ファミリア」という用語はありません。"
19,人工知能をめぐる動向,"（ア）に最もよく当てはまる選択肢を選んでください。
確率論や統計学を使って、自然言語を処理することを（ア）という。（ア）では、従来のように単語1つ1つを訳していくわけではない。また、多くの（イ）を使用することで、文章を正しく読み取れる確率が上がる。",確率的自然言語処理,数的自然言語処理,統計的自然言語処理,定量的自然言語処理,3,"選択肢3が正解です。
統計的自然言語処理とは、確率論や統計学を駆使し、自然言語を処理する技術のことです。

選択肢1：確率的自然言語処理という用語はありません。
選択肢2：数的自然言語処理という用語はありません。
選択肢4：定量的自然言語処理という用語はありません。"
20,人工知能をめぐる動向,"（イ）に最もよく当てはまる選択肢を選んでください。
確率論や統計学を使って、自然言語を処理することを（ア）という。（ア）では、従来のように単語1つ1つを訳していくわけではない。また、多くの（イ）を使用することで、文章を正しく読み取れる確率が上がる。",コーパス,マージン,擬似相関,ViT,1,"選択肢1が正解です。
コーパスとは、自然言語の文章を構造化し、まとめたもので、対訳データとも言われています

選択肢2：マージンとは、サポートベクターマシン（SVM）における分類する線とデータとの距離のことです。
選択肢3：擬似相関とは、相関関係があるように見えるが、因果関係は存在しない相関のことを言います。
選択肢4：ViT（Vision Transformer）とは、画像認識にトランスフォーマを使用したモデルのことです。また、従来のCNNを使ったモデルよりも性能が高く、計算コストを削減することができるという特徴もあります。"
21,人工知能をめぐる動向,"（ア）に最もよく当てはまる選択肢を選んでください。
自然言語の質問をユーザーから受けつけ、その解答を返すシステムを（ア）という。IBMが開発した（ア）として（イ）がある。（イ）は、蓄積されている大量のデータから最適な回答を見つけ出すシステムであり、IBMは（イ）を人工知能ではなく、（ウ）と表現している。",マルチモーダルAI,サポートベクターマシン（SVM）,Question-Answering,協調フィルタリング,3,"選択肢3が正解です。
Question-Answering（質問応答）とは、自然言語の質問をユーザーから受けつけ、その解答を返すシステムのことを言います。

選択肢1：マルチモーダルAIとは、複数の入力データをもとに処理をするAIのことです。
選択肢2：サポートベクターマシン（SVM）とは、主に分類で使われるアルゴリズムの1つで、教師あり学習モデルの1つです。
選択肢4：協調フィルタリングとは、レコメンデーションで使われる手法の1つで、ある対象者がチェックや購入した商品と、対象者以外がチェックや購入した商品を分析し、対象者に合わせた商品を提示する手法のことを言います。"
22,人工知能をめぐる動向,"（イ）に最もよく当てはまる選択肢を選んでください。
自然言語の質問をユーザーから受けつけ、その解答を返すシステムを（ア）という。IBMが開発した（ア）として（イ）がある。（イ）は、蓄積されている大量のデータから最適な回答を見つけ出すシステムであり、IBMは（イ）を人工知能ではなく、（ウ）と表現している。",ワトソン,東ロボくん,カーネル,ディープ・ブルー,1,"選択肢1が正解です。
ワトソン（Watson）は、IBMが開発した質問応答（Question-Answering）システムで、2011年にアメリカのクイズ番組に出場し、優勝しました。また、ワトソン（Watson）は、蓄積されている大量のデータから最適な回答を見つけ出すシステムであり、質問を理解しているわけではありません。

選択肢2：東ロボくんとは、東大の入試を突破することを目的に作られた人工知能です。しかし、現在の技術では、東大入試を突破することは不可能だと判断されプロジェクトは終了しました。
選択肢3：カーネルとは、畳み込み処理を行うときに使われるフィルタのことで、このフィルタを使い画像の特徴を抽出していきます。
選択肢4：ディープ・ブルーは、IBMが開発したチェス専用の人工知能で、1997年当時の世界チャンピオンに優勝しました。"
23,人工知能をめぐる動向,"（ウ）に最もよく当てはまる選択肢を選んでください。
自然言語の質問をユーザーから受けつけ、その解答を返すシステムを（ア）という。IBMが開発した（ア）として（イ）がある。（イ）は、蓄積されている大量のデータから最適な回答を見つけ出すシステムであり、IBMは（イ）を人工知能ではなく、（ウ）と表現している。",拡張現実,拡張知能,仮想現実,複合現実,2,"選択肢2が正解です。
拡張知能とは、人間と技術を組み合わせて、人間が持っている能力を拡張させることを言います。

選択肢1：拡張現実とは、現実世界と仮想世界を重ね合わせて表示する技術のことで、ARとも呼ばれています。
選択肢3：仮想現実とは、コンピュータによって作成された仮想空間を現実であるかのように体験することができる技術のことで、VRとも呼ばれています。
選択肢4：複合現実とは、現実世界と仮想世界をより密接に融合させる技術のことで、MRとも呼ばれています。"
24,人工知能をめぐる動向,"（ア）に最もよく当てはまる選択肢を選んでください。
DENDRALは、1960年代の人工知能に関するプロジェクトのことで、未知の有機化合物を分析し、有機化学の知識を使って特定する世界初の（ア）である。",イライザ,マイシン,Logic Theorist,エキスパートシステム,4,"選択肢4が正解です。
エキスパートシステムとは、特定の専門分野の知識を大量に取り込み、その知識をもとに専門家のように様々な推論・判断を行うシステムのことを言います。

選択肢1：イライザとは、チャットボット（人工無脳）の元祖となる対話システムです。イライザは、ルールに従って文を返すものでしたが、対話相手が人間だと勘違いする人も存在しました。
選択肢2：マイシン（MYCIN）とは、スタンフォード大学で開発されたエキスパートシステムで、感染した細菌を判断するためのルールベースのシステムのことです。また、マイシン（MYCIN）による診断結果は、専門医の診断結果よりも精度は低かったものの、専門ではない医師よりも診断結果の精度は高かったとされています。
選択肢3：Logic Theorist（ロジック・セオリスト）とは、ダートマス会議にて、ニューウェルとサイモンによってデモストレーションされた初の人工知能プログラムです。"
25,人工知能をめぐる動向,"（ア）に最もよく当てはまる選択肢を選んでください。
ウェブ上にあるデータ分析して有益な情報を抽出する手法を（ア）といい、ビックデータを分析して有益な情報を抽出する手法を（イ）という。",ファインチューニング,ウェブマイニング,線形回帰分析,パノプティックセグメンテーション,2,"選択肢2が正解です。
ウェブマイニングとは、ウェブ上にある膨大なデータを分析して有益な情報を取り出す手法のことです。

選択肢1：ファインチューニングとは、学習済みのモデルの一部と新しく追加したモデルを組み合わせたモデルなどのパラメータを微調整することを言います。
選択肢3：線形回帰分析とは、求めたい変数を1つ以上の変数を使って予測する手法のことです。また、求めたい変数（結果となる変数）を目的変数、説明するための変数（原因となる変数）を説明変数と言います。
選択肢4：パノプティックセグメンテーションとは、セマンティックセグメンテーションとインスタンスセグメンテーションを組み合わせた手法のことです。"
26,人工知能をめぐる動向,"（イ）に最もよく当てはまる選択肢を選んでください。
ウェブ上にあるデータ分析して有益な情報を抽出する手法を（ア）といい、ビックデータを分析して有益な情報を抽出する手法を（イ）という。",データマイニング,バンディットアルゴリズム,ソフトマージン,主成分分析,1,"選択肢1が正解です。
データマイニングとは、膨大なデータ（ビッグデータ）を分析して、有益な情報を抽出する手法のことを言います。

選択肢2：バンディットアルゴリズムとは、バンディットアルゴリズムとは、強化学習分野の場合、活用と探索のバランスをどのように最適化するかを意味する用語です。
選択肢3：ソフトマージンとは、誤分類を許容しながらマージンの最大化を行うことです。
選択肢4：主成分分析（PCA）とは、相関関係のある変数をまとめてより少ない変数に要約する分析手法のことを言います。また、データを要約することを次元削減と言い、まとめられた変数を主成分と言います。"
27,人工知能分野の問題,"（ア）に最もよく当てはまる選択肢を選んでください。
処理能力が限られている人工知能では、現実に起こりうる全ての問題に対応することができないという問題のことを（ア）という。",コールドスタート問題,フレーム問題,勾配消失問題,信用割当問題,2,"選択肢2が正解です。
フレーム問題とは、処理能力が限られている人工知能では、現実に起こりうる全ての問題に対応することができないという問題のことです。フレーム問題は、人工知能における解決するべき重要な問題の1つです。

選択肢1：コールドスタート問題とは、協調フィルタリングにおける問題の1つで、データ量が少ない場合、ユーザーにとって適切な情報を提示できないという問題のことです。
選択肢3：勾配消失問題とは、誤差逆伝播法において、出力層から入力層に向けて勾配が緩やかになっていき、入力層付近では実質的に重みが調整できなくなり、学習が進まなくなってしまう問題のことをいいます。
選択肢4：信用割当問題とは、モデルが導き出した結果が間違っている場合、どのパラメーターに責任があるのか、どのパラメーターを修正すればいいのか分からないという問題のことです。誤差逆伝播法により、信用割当問題は解決されました。"
28,人工知能分野の問題,弱いAIは現実可能でも、強いAIは不可能であることを示すために、ジョン・サールによって提案された思考実験の名称として、最も適切な選択肢を選択してください。,ノーフリーランチ定理,中国語の部屋,ハノイの塔,モラベックのパラドックス,2,"選択肢2が正解です。
中国語の部屋とは、弱いAIは現実可能でも、強いAIは不可能であることを示すために、ジョン・サールによって提案された思考実験のことです。

選択肢1：ノーフリーランチ定理とは、あらゆる問題を効率的に解ける汎用的なアルゴリズムはないことを意味します。一方、ジェフリー・ヒントンは早期終了を「Beautiful FREE LUNCH（素晴らしいフリーランチ）」と表現しています。
選択肢3：ハノイの塔とは、3本の杭と中央に穴の空いた複数の円盤から構成され、ルールに基づき円板を移動させていくゲームのことです。
選択肢4：モラベックのパラドックスとは、高度な推論よりも、1歳児レベルの知恵とスキルを身に付けさせる方がはるかに難しいということです。"
29,人工知能分野の問題,"（ア）に最もよく当てはまる選択肢を選んでください。
コンピュータがシンボル（記号）を現実世界の意味とどのように結びつけるかという問題のことを（ア）という。（ア）は、（イ）によって議論された。",トイ・プロブレム,カーネルトリック,シンボルグラウンディング問題,フレーム問題,3,"選択肢3が正解です。
シンボルグラウンディング問題とは、コンピュータがシンボル（記号）を現実世界の意味とどのように結びつけるかという問題のことを言います。例えば、人間の場合は、「ウマ」と「縞模様」を知っていれば、「シマウマ」を知らなくても、縞模様をもつウマであることを想像することができます。一方、人工知能は「ウマ」と「縞模様」の用語を学習していても、用語を本質的に理解していないので、両者を結びつけて「シマウマ」を想像することができません。シンボルグラウンディング問題は、認知科学者のスティーブン・ハルナッドにより議論されたものです。

選択肢1：トイ・プロブレムとは、迷路やオセロなどといったルールが決まりきっているような簡単な問題のことをいいます。
選択肢2：カーネルトリックとは、サポートベクターマシン（SVM）において、高次元データの計算を楽にするための手法のことです。
選択肢4：フレーム問題とは、処理能力が限られている人工知能では、現実に起こりうる全ての問題に対応することができないという問題のことです。フレーム問題は、人工知能における解決するべき重要な問題の1つです。"
30,人工知能分野の問題,"（イ）に最もよく当てはまる選択肢を選んでください。
コンピュータがシンボル（記号）を現実世界の意味とどのように結びつけるかという問題のことを（ア）という。（ア）は、（イ）によって議論された。",ジェフリー・ヒントン,アラン・チューリング,スティーブン・ハーナッド,ヤン・ルカン,3,"選択肢3が正解です。
スティーブン・ハーナッドは、ハンガリー生まれの認知科学者であり、シンボルグラウンディング問題について議論を行いました。

選択肢1：ジェフリー・ヒントンは、イギリス生まれのコンピュータ科学の学者です。また、彼が率いるSuperVisionは、ILSVRC2012で優勝しました。
選択肢2：アラン・チューリングは、イギリスの数学者です。また、人工知能の概念を最初に考案した人物とされています。
選択肢4：ヤン・ルカンとは、フランス出身の計算機科学者であり、誤差逆伝播法を学習に用いたLeNetと呼ばれるCNNのモデルを発表した人物です。"
31,人工知能分野の問題,人工知能における身体性の説明として、最も適切な選択肢を選択してください。,高度な推論よりも、1歳児レベルの知恵とスキルを身に付けさせる方がはるかに難しいということ,人工知能が身体を持つことで、制御できなくなってしまう可能性があるという考え方,深層強化学習などでは行動は離散値として出力されるが、ロボットなどを扱う場合はスピードや進行角度など連続値を扱う必要があり、どのように連続値を扱えばよいのかということ,知能を獲得するためには、機械が環境と相互作用できる身体を持つことが大切であるという考え方,4,"選択肢4が正解です。
身体性とは、知能を獲得するためには、機械が環境と相互作用できる身体を持つことが大切であるという考え方のことです。

選択肢1：モラベックのパラドックスの説明です。モラベックのパラドックスとは、高度な推論よりも、1歳児レベルの知恵とスキルを身に付けさせる方がはるかに難しいということです。
選択肢2：身体性に関する説明ではありません。
選択肢3：連続値制御問題の説明です。連続値制御問題とは、深層強化学習などでは行動は離散値として出力されるが、ロボットなどを扱う場合はスピードや進行角度など連続値を扱う必要があり、どのように連続値を扱えばよいのかという問題のことです。"
32,機械学習の具体的手法,教師なし学習の次元削減に関する例として、最も適切な選択肢を選択してください。,顧客の購入情報をもとに分析を行った結果、顧客を5グループに分けることができた,気温、曜日などの情報から1日あたりのA店舗の売上を予測した,売上を予測する際に要素（説明変数）が多いため、予測精度が著しく低下しない範囲内で要素を要約した,顧客の商品購入履歴から、ある商品を購入するかどうかを予測する,3,"選択肢3が正解です。
予測精度が著しく低下しない範囲内で要素（説明変数）を要約すると書かれていることから、次元削減の例だと分かります。次元削減（次元圧縮）とは、データの意味を保ったまま、データの特徴量（変数）を減らすことを言います。特徴量を減らすことで、計算量を減らすことができます。

選択肢1：顧客を5つのグループに分けることができたと書かれていることから、クラスタリングの例だと分かります。クラスタリング（クラスタ分析）とは、データを類似度に基づいてグループ（クラスタ）に分けていく手法のことです。
選択肢2：様々な情報から1日あたりのA店舗の売上を予測したと書かれていることから、連続値を予測したことが分かります。データを活用して連続値を予測する問題を回帰問題と言います。
選択肢4：顧客の商品購入履歴に基づきある商品を購入するかどうかを予測することから、クラス（購入するかどうか）を予測する問題だということが分かります。クラスを予測する問題を分類問題といいます。"
33,機械学習の具体的手法,"（ア）に最もよく当てはまる選択肢を選んでください。
k-means法は、（ア）クラスタリングである。また、k-means法は（イ）を活用して分類を行っていく特徴があります。",非階層であり、ソフトな,非階層であり、ハードな,階層であり、ソフトな,階層であり、ハードな,2,"選択肢2が正解です。
k-means法は、「非階層であり、ハードな」クラスタリングです。

階層クラスタリングとは、データ間の類似度から、最も似たデータ同士から順にグループにしていく手法のことです。
非階層クラスタリングとは、階層を作らずにグループに分けていく手法のことです。
ソフトクラスタリングとは、各データが1つ以上のクラスタに所属することを許すクラスタリングのことです。
ハードクラスタリングとは、各データが1つのクラスタに所属するようなクラスタリングのことを言います。"
34,機械学習の具体的手法,"（イ）に最もよく当てはまる選択肢を選んでください。
k-means法は、（ア）クラスタリングである。また、k-means法は（イ）を活用して分類を行っていく特徴があります。",重心,潜在変数,深層学習,蒸留,1,"選択肢1が正解です。
重心とは、あるクラスタに属する各データの中心となる点のことです。

選択肢2：潜在変数とは、統計学において直接観測されておらず、他の変数から推定される変数のことです。
選択肢3：深層学習とは、データの特徴を定量的に表したもの（特徴量）を人工知能が自ら学習する手法のことで、ディープラーニングとも呼ばれています。
選択肢4：蒸留とは、モデルを軽量化する代表的な手法で、学習済みモデルの入力と出力を学習させて、小さなモデルを作成する手法のことです。また、学習済みモデルを教師モデル、新しく作成するモデルを生徒モデルと言います。"
35,機械学習の具体的手法,"（ア）に最もよく当てはまる選択肢を選んでください。
サポートベクターマシンでは、境界線から最も近いデータのことを（ア）という。また、境界線から（ア）の距離を（イ）という。",エントロピー,マージン,デンドログラム,サポートベクトル,4,"選択肢4が正解です。
サポートベクトルとは、サポートベクターマシンにおいて境界線から最も近いデータのことをいいます。

選択肢1：エントロピーとは、乱雑な状態の度合いを表す用語で、不純度の指標などで使われる概念です。
選択肢2：マージンとは、サポートベクターマシン（SVM）における分類する線とデータとの距離のことです。
選択肢3：デンドログラムとは、クラスタリング（クラスター分析）において各個体がクラスターにまとめられていく様子を樹形図の形で表したものです。"
36,機械学習の具体的手法,"（イ）に最もよく当てはまる選択肢を選んでください。
サポートベクターマシンでは、境界線から最も近いデータのことを（ア）という。また、境界線から（ア）の距離を（イ）という。",エントロピー,マージン,デンドログラム,サポートベクトル,2,"選択肢2が正解です。
マージンとは、サポートベクターマシン（SVM）における分類する線とデータとの距離のことです。

選択肢1：エントロピーとは、乱雑な状態の度合いを表す用語で、不純度の指標などで使われる概念です。
選択肢3：デンドログラムとは、クラスタリング（クラスター分析）において各個体がクラスターにまとめられていく様子を樹形図の形で表したものです。
選択肢4：サポートベクトルとは、サポートベクターマシンにおいて境界線から最も近いデータのことをいいます。"
37,機械学習の具体的手法,"（ア）に最もよく当てはまる選択肢を選んでください。
次元削減の手法として、（ア）や（イ）などがある。（ア）は、ある行列を分解して複数の行例の積で表現する手法である。（イ）はデータの関係性（類似度）を低次元空間で表現する手法である。",特異値分解,k-means法,多次元尺度構成法,モンテカルロ法,1,"選択肢1が正解です。
特異値分解（SVD）とは、ある行列を分解して複数の行例の積で表現する手法のことで、次元削減のために用いられる手法の1つです。

選択肢2：k-means法とは、教師なし学習の1種で、重心を活用し、データをあらかじめ設定したクラスタの数（k個）に分類する手法のことです。
選択肢3：多次元尺度構成法（MDS）とは、データの関係性（類似度）を低次元空間で表現する手法のことで、次元削減のために用いられる手法の1つです。
選択肢4：モンテカルロ法とは、何度もシミュレーションを行ったり、乱数を使用したりして、近似的な答えを導き出す手法のことです。"
38,機械学習の具体的手法,"（イ）に最もよく当てはまる選択肢を選んでください。
次元削減の手法として、（ア）や（イ）などがある。（ア）は、ある行列を分解して複数の行例の積で表現する手法である。（イ）はデータの関係性（類似度）を低次元空間で表現する手法である。",特異値分解,k-means法,多次元尺度構成法,モンテカルロ法,3,"選択肢3が正解です。
多次元尺度構成法（MDS）とは、データの関係性（類似度）を低次元空間で表現する手法のことで、次元削減のために用いられる手法の1つです。

選択肢1：特異値分解（SVD）とは、ある行列を分解して複数の行例の積で表現する手法のことで、次元削減のために用いられる手法の1つです。
選択肢2：k-means法とは、教師なし学習の1種で、重心を活用し、データをあらかじめ設定したクラスタの数（k個）に分類する手法のことです。
選択肢4：モンテカルロ法とは、何度もシミュレーションを行ったり、乱数を使用したりして、近似的な答えを導き出す手法のことです。"
39,機械学習の具体的手法,ディープニューラルネットワークに関する説明の文章として、最も適切な選択肢を選択してください。,ディープラーニングによって複雑な問題を解決できるようになったが、過学習になりやすい特徴がある,ディープニューラルネットワークは、他の手法よりも精度が高く常に優れている,計算量が多いため、必ず特徴量の次元を圧縮する必要がある,ディープニューラルネットワークは、まだ検証段階なので、実世界では使用されていない,1,"選択肢1が正解です。
ディープラーニングによって複雑な問題を解決できるようになりましたが、他の手法よりも過学習になりやすい特徴があります。そのため、過学習にならないように対策することが大切です。

選択肢2：ディープニューラルネットワークは、必ずしも他の手法より優れているわけではありません。そのため、「ディープニューラルネットワークは、他の手法よりも精度が高く常に優れている」は間違いです。
選択肢3：計算量は多いですが、必ずしも特徴量の次元を圧縮する必要があるわけではありません。そのため、「計算量が多いため、必ず特徴量の次元を圧縮する必要がある」は間違いです。
選択肢4：ディープニューラルネットワークは、様々なところで使われています。そのため、「ディープニューラルネットワークは、まだ検証段階なので、実世界では使用されていない」は間違いです。"
40,機械学習の具体的手法,"（ア）に最もよく当てはまる選択肢を選んでください。
決定木では、分岐が多くなると、1つの葉に1つのデータが対応してしまう。このように、モデルが訓練データに対して適応しすぎてしまうことを（ア）という。",勾配消失問題,二重降下現象,過学習,未学習,3,"選択肢3が正解です。
過学習とは、訓練データに適応しすぎた結果、未知のデータに対する推測の精度が下がってしまうことをいいます。

選択肢1：勾配消失とは、出力層から入力層に向けて勾配が緩やかになっていき、入力層付近では実質的に重みが調整できなくなり、学習が進まなくなってしまうことをいいます。
選択肢2：二重降下現象とは、一定期間は汎化誤差が増加（モデル精度の悪化）するが、その後汎化誤差が減少（モデル精度の向上）していく現象のことを言います。そのため、どのようなタイミングで学習を止めるべきなのかは難しい問題の1つになっています。
選択肢4：未学習とは、学習不足により、訓練データに対してさえモデルの推測精度が低いという状態のことです。過度な過学習対策は、未学習になってしまう危険性があります。"
41,機械学習の具体的手法,"（ア）に最もよく当てはまる選択肢を選んでください。
活用と探索のバランスをどのように最適化するかを意味する用語を（ア）という。",エキスパートシステム,ランダムサーチ,ブースティング,バンディットアルゴリズム,4,"選択肢4が正解です。
バンディットアルゴリズムとは、強化学習分野の場合、活用と探索のバランスをどのように最適化するかを意味する用語です。

選択肢1：エキスパートシステムとは、特定の専門分野の知識を大量に取り込み、その知識をもとに専門家のように様々な推論・判断を行うシステムのことを言います。
選択肢2：ランダムサーチとは、ハイパーパラメータの調整方法の1種で、ランダムにパラメータを組み合わせ学習を行い、最適な組み合わせを採用する手法です。
選択肢3：ブースティングとは、アンサンブル学習の1つで、一部のデータを抽出し、モデルを直列的に学習させていく手法です。バギングと比較すると、精度が高くなりやすいという特徴はありますが、並列的に学習できないため時間がかかってしまうというデメリットがあります。"
42,機械学習の具体的手法,k近傍法において、未知のデータを与えた。k=10のとき、クラスAのデータが1つ、クラスBのデータが6つ、クラスCのデータが2つ、クラスDのデータが1つだった。未知のデータが分類されるクラスとして、最も適切な選択肢を選択してください。,クラスA,クラスB,クラスC,クラスD,2,"選択肢2が正解です。
k近傍法は、未知のデータが与えられたときに近くにあるデータをk個取得し、多数決でデータが所属するクラスを分類していく手法のことです。今回は、クラスBのデータが最も多いため、未知のデータはクラスBに分類されます。"
43,機械学習の具体的手法,"（ア）に最もよく当てはまる選択肢を選んでください。
あらかじめ設定したクラスタの数にデータを分類する手法のことを（ア）という。",k-means法　,t-SNE法,特異値分解（SVD）,αβ法,1,"選択肢1が正解です。
k-means法とは、教師なし学習の1種で、重心を活用し、データをあらかじめ設定したクラスタの数（k個）に分類する手法のことです。

選択肢2：t-SNE法とは、t分布を活用して次元を削減する手法のことです。
選択肢3：特異値分解（SVD）とは、次元削減のために用いられる手法の1つです。
選択肢4：αβ法とは、Mini-Max法による探索を効率化するために、特定の手（ノード）を切り捨て、探索する量を減らす手法のことを言います。"
44,機械学習の具体的手法,"（ア）に最もよく当てはまる選択肢を選んでください。
ニューラルネットワークにおいて、入力値の重要度を数値化したものを（ア）という。",バイアス,重み,学習率,プラトー,2,"選択肢2が正解です。
重みとは、ニューラルネットワークにおける入力値の重要性や貢献度を数値化したものを言います。

選択肢1：バイアスとは、ニューラルネットワークにおいてモデルの自由度を上げるために使用される数値のことです。
選択肢3：学習率とは、重みなどパラメータを調整する設定値のことを言います。学習率は、大きすぎても、小さすぎてもよくなく、専門家が設定をします。
選択肢4：プラトーとは、モデル学習において、学習が停滞してしまう状態のことを言います。停滞状態を抜け出すために考えられた手法として、モーメンタム法などがあります。"
45,機械学習の具体的手法,"（ア）に最もよく当てはまる選択肢を選んでください。
方策には、（ア）や（イ）などがある。（ア）は、基本的に既存情報を使って最適な行動を行うが、一定確率で探索を行う方策である。（イ）は探索時にあまり選択されていない行動を優先的に選ぶ方策である。",t-SNE方策,ε-greedy方策,方策勾配法,UCB方策,2,"選択肢2が正解です。
ε-greedy方策とは、基本的には既存情報を使って最適な行動を行うが、確率εで探索をする方策のことです。

選択肢1：t-SNE方策という用語はありません。
選択肢3：方策勾配法とは、エージェントの方策を、パラメータを持った関数と定義し、方策の価値が最大になるようにパラメータを学習させる手法のことを言います
選択肢4：UCB方策とは、探索時にあまり選択されていない行動を優先的に選ぶという方策のことです。"
46,機械学習の具体的手法,"（イ）に最もよく当てはまる選択肢を選んでください。
方策には、（ア）や（イ）などがある。（ア）は、基本的に既存情報を使って最適な行動を行うが、一定確率で探索を行う方策である。（イ）は探索時にあまり選択されていない行動を優先的に選ぶ方策である。",t-SNE方策,ε-greedy方策,方策勾配法,UCB方策,4,"選択肢4が正解です。
UCB方策とは、探索時にあまり選択されていない行動を優先的に選ぶという方策のことです。

選択肢1：t-SNE方策という用語はありません。
選択肢2：ε-greedy方策とは、基本的には既存情報を使って最適な行動を行うが、確率εで探索をする方策のことです。
選択肢3：方策勾配法とは、エージェントの方策を、パラメータを持った関数と定義し、方策の価値が最大になるようにパラメータを学習させる手法のことを言います"
47,機械学習の具体的手法,強化学習に関する説明として、最も適切な選択肢を選択してください。,短期的な報酬をもとに行動を決定している,各行動に対して報酬がなけれれば学習できない,Q学習を使用すれば最適な方策を見つけることは容易である,モンテカルロ法を使用して価値を更新していく手法がある,4,"選択肢4が正解です。
強化学習には、モンテカルロ法を使用して価値を更新していく手法があります。また、モンテカルロ法とは、何度もシミュレーションを行ったり、乱数を使用したりして、近似的な答えを導き出す手法のことです。

選択肢1：「短期的な報酬」だけではなく、一連の行動の結果得られる報酬が最大になるように行動を決定していきます。
選択肢2：各行動に対して報酬がなくても学習することはできます。例えば、囲碁や将棋などは各手ごとに報酬はありませんが、強化学習を行うことができます。
選択肢3：Q学習においても、行動の選択肢が多い場面などは最適な方策を見つけることは困難です。"
48,機械学習の具体的手法,"（ア）に最もよく当てはまる選択肢を選んでください。
訓練データ・検証データにテストデータにすべき未知のデータが入ってしまうことを（ア）という。",メタデータ,データリーケージ,ビッグデータ,ランダムサーチ,2,"選択肢2が正解です。
データリーケージとは、訓練データ・検証データにテストデータにすべき未知のデータ（本来得られるはずのないデータ）が入ってしまうことを言います。

選択肢1：メタデータとは、データの情報が記述されたデータのことを言います。例えば、「太宰治」に対して「著者」というデータを付与されている場合、「著者」がメタデータになります。
選択肢3：ビッグデータとは、様々な形式の大量のデータのことです。一般的に、ビッグデータは、量・速度・多様性の特性を持っています。
選択肢4：ランダムサーチとは、ハイパーパラメータの調整方法の1種で、ランダムにパラメータを組み合わせ学習を行い、最適な組み合わせを採用する手法です。"
49,機械学習の具体的手法,交差検証に関する説明として、最も不適切な選択肢を選択してください。,ホールドアウト検証はデータが少ない場合にモデルの評価が高くなってしまうことがある,交差検証は汎用性が低く限られた場所でしか使うことができない,k-分割交差検証はデータ数が少ないときに有効である,k-分割交差検証は計算コストが高くなってしまう,2,"選択肢2が正解です。
交差検証は汎用性が「高い」ため、多くのモデルで実施される手法です。そのため、「交差検証は汎用性が低く限られた場所でしか使うことができない」は間違いです。

選択肢1：正しい説明です。ホールドアウト検証はデータが少ない場合にモデルの評価が高くなってしまう可能性があります。
選択肢3：正しい説明です。k-分割交差検証はデータ数が少ないときに使われる手法の1つです。
選択肢4：正しい説明です。k-分割交差検証は、学習回数が増えるため、計算コストが高くなってしまうという特徴があります。"
50,機械学習の具体的手法,"（ア）に最もよく当てはまる選択肢を選んでください。
線形回帰にL1正則化を適用したものを（ア）、線形回帰にL2正則化を適用したものを（イ）という。",リッジ回帰,ロジスティック回帰,ラッソ回帰,ロッソ回帰,3,"選択肢3が正解です。
ラッソ回帰とは、線形回帰にL1正則化を適用したものを言います。L1正則化とは、重要度の低い説明変数（重み）を取り除くことを目的とした手法です。つまり、重要度の低いパラメータを0にし、重要度の高いパラメータを残す（特徴選択）ことを意味します。

選択肢1：リッジ回帰とは、線形回帰にL2正則化を適用したものを言います。L2正則化とは、パラメータ（重み）が大きくなりすぎないように、パラメータ（重み）の大きさに応じて0に近づけ、モデルを滑らかにすることを目的とした手法です。
選択肢2：ロジスティック回帰とは、複数の説明変数から、ある事象が発生する確率を予測する手法のことを言います。例えば、病院で検査を受けた結果、再検査が必要かどうかなど、ある事象が発生する確率を予測するときに使われる手法です。
選択肢4：ロッソ回帰という用語はありません。"
51,機械学習の具体的手法,"（イ）に最もよく当てはまる選択肢を選んでください。
線形回帰にL1正則化を適用したものを（ア）、線形回帰にL2正則化を適用したものを（イ）という。",リッジ回帰,ロジスティック回帰,ラッソ回帰,ロッソ回帰,1,"選択肢1が正解です。
リッジ回帰とは、線形回帰にL2正則化を適用したものを言います。L2正則化とは、パラメータ（重み）が大きくなりすぎないように、パラメータ（重み）の大きさに応じて0に近づけ、モデルを滑らかにすることを目的とした手法です。

選択肢2：ロジスティック回帰とは、複数の説明変数から、ある事象が発生する確率を予測する手法のことを言います。例えば、病院で検査を受けた結果、再検査が必要かどうかなど、ある事象が発生する確率を予測するときに使われる手法です。
選択肢3：ラッソ回帰とは、線形回帰にL1正則化を適用したものを言います。L1正則化とは、重要度の低い説明変数（重み）を取り除くことを目的とした手法です。つまり、重要度の低いパラメータを0にし、重要度の高いパラメータを残す（特徴選択）ことを意味します。
選択肢4：ロッソ回帰という用語はありません。"
52,機械学習の具体的手法,"（ア）に最もよく当てはまる選択肢を選んでください。
協調フィルタリングは、ユーザーに商品などをオススメするために事前にある程度のデータ量が必要になる。そのため、データ量が少ない場合、ユーザーにとって適切な情報を提示できないという問題が起きる。このような問題を（ア）という。一方、商品の特徴を利用して類似した商品をユーザーにオススメする方法である（イ）は、（ア）を回避することができる。",ノーフリーランチ定理,フレーム問題,シンボルグラウンディング問題,コールドスタート問題,4,"選択肢4が正解です。
コールドスタート問題とは、協調フィルタリングにおける問題の1つで、データ量が少ない場合、ユーザーにとって適切な情報を提示できないという問題のことです。

選択肢1：ノーフリーランチ定理とは、あらゆる問題を効率的に解ける汎用的なアルゴリズムはないことを意味します。一方、ジェフリー・ヒントンは早期終了を「Beautiful FREE LUNCH（素晴らしいフリーランチ）」と表現しています。
選択肢2：フレーム問題とは、処理能力が限られている人工知能では、現実に起こりうる全ての問題に対応することができないという問題のことです。フレーム問題は、人工知能における解決するべき重要な問題の1つです。
選択肢3：シンボルグラウンディング問題とは、コンピュータがシンボル（記号）を現実世界の意味とどのように結びつけるかという問題のことを言います。例えば、人間の場合は、「ウマ」と「縞模様」を知っていれば、「シマウマ」を知らなくても、縞模様をもつウマであることを想像することができます。一方、人工知能は「ウマ」と「縞模様」の用語を学習していても、用語を本質的に理解していないので、両者を結びつけて「シマウマ」を想像することができません。シンボルグラウンディング問題は、認知科学者のスティーブン・ハルナッドにより議論されたものです。"
53,機械学習の具体的手法,"（イ）に最もよく当てはまる選択肢を選んでください。
協調フィルタリングは、ユーザーに商品などをオススメするために事前にある程度のデータ量が必要になる。そのため、データ量が少ない場合、ユーザーにとって適切な情報を提示できないという問題が起きる。このような問題を（ア）という。一方、商品の特徴を利用して類似した商品をユーザーにオススメする方法である（イ）は、（ア）を回避することができる。",アンダーサンプリング,コンテンツベースフィルタリング,ドロップアウト,一気通貫学習,2,"選択肢2が正解です。
コンテンツベースフィルタリングとは、商品などの特徴を活用して類似した商品をユーザに提示する手法のことを言います。

選択肢1：アンダーサンプリング（ダウンサンプリング）とは、データに偏りがあるときに、多いデータのカテゴリに対してデータを減らす手法のことです。
選択肢3：ドロップアウトとは、過学習対策の1つで、学習させるときにランダムにユニットを無効化させることで過学習を防ぎます。
選択肢4：一気通貫学習とは、ロボットの一連の動作を1つのディープラーニングネットワークで実現する学習方法のことです。"
54,機械学習の具体的手法,"（ア）に最もよく当てはまる選択肢を選んでください。
ツリーによってデータを分析する手法のことを（ア）という。（ア）には、回帰で使われる（イ）と分類で使われる（ウ）がある。",デンドログラム,決定木,ロジスティック回帰,k-means法,2,"選択肢2が正解です。
決定木とは、ツリー（樹形図）によってデータを分析する手法のことです。条件に合わせて分岐路を作るためツリー状になります。また、分類で使われる決定木を分類木、回帰で使われる決定木を回帰木と言います。

選択肢1：デンドログラムとは、クラスタリング（クラスター分析）において各個体がクラスターにまとめられていく様子を樹形図の形で表したものです。
選択肢3：ロジスティック回帰とは、複数の説明変数から、ある事象が発生する確率を予測する手法のことを言います。例えば、病院で検査を受けた結果、再検査が必要かどうかなど、ある事象が発生する確率を予測するときに使われる手法です。
選択肢4：k-means法とは、教師なし学習の1種で、重心を活用し、データをあらかじめ設定したクラスタの数（k個）に分類する手法のことです。"
55,機械学習の具体的手法,"（イ）に最もよく当てはまる選択肢を選んでください。
ツリーによってデータを分析する手法のことを（ア）という。（ア）には、回帰で使われる（イ）と分類で使われる（ウ）がある。",回帰木,決定回帰木,回帰決定木,限定回帰木,1,"選択肢1が正解です。
回帰木とは、回帰で使われる決定木のことを言います。

選択肢2：「決定回帰木」という用語はありません。
選択肢3：「回帰決定木」という用語はありません。
選択肢4：「限定回帰木」という用語はありません。"
56,機械学習の具体的手法,"（ウ）に最もよく当てはまる選択肢を選んでください。
ツリーによってデータを分析する手法のことを（ア）という。（ア）には、回帰で使われる（イ）と分類で使われる（ウ）がある。",分類木,決定分類木,分類決定木,限定分類木,1,"選択肢1が正解です。
分類木とは、分類で使われる決定木のことを言います。

選択肢2：「決定分類木」という用語はありません。
選択肢3：「分類決定木」という用語はありません。
選択肢4：「限定分類木」という用語はありません。"
57,機械学習の具体的手法,"（ア）に最もよく当てはまる選択肢を選んでください。
回帰モデルの精度の評価指標として（ア）や（イ）がある。（ア）は、誤差の絶対値の平均のことである。（イ）は、相関係数を2乗することで求めることができる。また、（イ）の取りうる範囲は（ウ）である。",MAE,MSE,RMSE,決定係数,1,"選択肢1が正解です。
MAEとは、回帰モデルの精度の評価指標の1つで、誤差の絶対値の平均のことです。

選択肢2：MSEとは、回帰モデルの精度の評価指標の1つで、実際の値と予測値の誤差の2乗の平均のことです。また、平均二乗誤差とも呼ばれています。
選択肢3：RMSEとは、回帰モデルの精度の評価指標の1つで、MSE（平均二乗誤差）の平方根で求めることができます。
選択肢4：決定係数とは、説明変数が目的変数をどの程度説明できているかを表す指標の1つで、相関係数を2乗することで求めることができます。また、決定係数の取りうる範囲は0〜1です。"
58,機械学習の具体的手法,"（イ）に最もよく当てはまる選択肢を選んでください。
回帰モデルの精度の評価指標として（ア）や（イ）がある。（ア）は、誤差の絶対値の平均のことである。（イ）は、相関係数を2乗することで求めることができる。また、（イ）の取りうる範囲は（ウ）である。",MAE,MSE,RMSE,決定係数,4,"選択肢4が正解です。
決定係数とは、説明変数が目的変数をどの程度説明できているかを表す指標の1つで、相関係数を2乗することで求めることができます。また、決定係数の取りうる範囲は0〜1です。

選択肢1：MAEとは、回帰モデルの精度の評価指標の1つで、誤差の絶対値の平均のことです。
選択肢2：MSEとは、回帰モデルの精度の評価指標の1つで、実際の値と予測値の誤差の2乗の平均のことです。また、平均二乗誤差とも呼ばれています。
選択肢3：RMSEとは、回帰モデルの精度の評価指標の1つで、MSE（平均二乗誤差）の平方根で求めることができます。"
59,機械学習の具体的手法,"（ウ）に最もよく当てはまる選択肢を選んでください。
回帰モデルの精度の評価指標として（ア）や（イ）がある。（ア）は、誤差の絶対値の平均のことである。（イ）は、相関係数を2乗することで求めることができる。また、（イ）の取りうる範囲は（ウ）である。",−1〜1,−1〜0,0〜1,全ての実数,3,"選択肢3が正解です。
相関係数の取りうる範囲は「-1〜1」です。そのため、相関係数を2乗して求めることができる決定係数の取りうる範囲は「0〜1」です。よって選択肢3が正解になります。"
60,機械学習の具体的手法,"（ア）に最もよく当てはまる選択肢を選んでください。
単純パーセプトロンは（ア）は可能だが、（イ）はできない。一方、多層パーセプトロンは（イ）も可能である。",データマイニング,ウェブマイニング,線形分類,非線形分類,3,"選択肢3が正解です。
線形分類とは、2つの集合が二次元平面上にあるとき、それらの集合を1本の直線で分類できることです。

選択肢1：データマイニングとは、膨大なデータ（ビッグデータ）を分析して、有益な情報を抽出する手法のことを言います。
選択肢2：ウェブマイニングとは、ウェブ上にある膨大なデータを分析して有益な情報を取り出す手法のことです。
選択肢4：非線形分類とは、複数の集合が二次元平面上にあるとき、それらの集合を曲線などを使って分類することです。"
61,機械学習の具体的手法,"（イ）に最もよく当てはまる選択肢を選んでください。
単純パーセプトロンは（ア）は可能だが、（イ）はできない。一方、多層パーセプトロンは（イ）も可能である。",データマイニング,ウェブマイニング,線形分類,非線形分類,4,"選択肢4が正解です。
非線形分類とは、複数の集合が二次元平面上にあるとき、それらの集合を曲線などを使って分類することです。

選択肢1：データマイニングとは、膨大なデータ（ビッグデータ）を分析して、有益な情報を抽出する手法のことを言います。
選択肢2：ウェブマイニングとは、ウェブ上にある膨大なデータを分析して有益な情報を取り出す手法のことです。
選択肢3：線形分類とは、2つの集合が二次元平面上にあるとき、それらの集合を1本の直線で分類できることです。"
62,機械学習の具体的手法,"（ア）に最もよく当てはまる選択肢を選んでください。
強化学習において、与えられた環境に対する行動の開始から終了までの1回分の試行を（ア）という。また、強化学習では報酬和を計算するとき、（イ）というパラメータを使用して未来の報酬を現在価値に換算して計算していく。",エピソード,方策,復元抽出,エントロピー,1,"選択肢1が正解です。
エピソードとは、強化学習において、与えられた環境に対する行動の開始から終了までの1回分の試行のことをいいます。

選択肢2：方策とは、エージェントの行動基準のことを言います。方策には、ε-greedy方策やUCB方策などがあります。
選択肢3：復元抽出とは、サンプルを抽出するとき、一度サンプルを抽出したら元に戻してから、次のサンプルを抽出する方法のことです。
選択肢4：エントロピーとは、乱雑な状態の度合いを表す用語で、不純度の指標などで使われる概念です。"
63,機械学習の具体的手法,"（イ）に最もよく当てはまる選択肢を選んでください。
強化学習において、与えられた環境に対する行動の開始から終了までの1回分の試行を（ア）という。また、強化学習では報酬和を計算するとき、（イ）というパラメータを使用して未来の報酬を現在価値に換算して計算していく。",割引率,学習率,再現率,適合率,1,"選択肢1が正解です。
割引率とは、強化学習において報酬和を計算するとき、不確実な未来の報酬を割り引くために使用されるパラメータのことをいいます。

選択肢2：学習率とは、重みなどパラメータを調整する設定値のことを言います。学習率は、大きすぎても、小さすぎてもよくなく、専門家が設定をします。
選択肢3：再現率とは、分類モデルの評価指標の1つで、陽性データの中で、正しく陽性と判断できた割合のことです。再現率は、正しく陽性と判断した数を実際の陽性の数で割ることを求めることができます。
選択肢4：適合率とは、分類モデルの評価指標の1つで、陽性と判断したデータのうち実際に陽性だった割合のことです。適合率は、正しく陽性と判断した数を陽性と判断した陽性の数で割ることで求めることができます"
64,機械学習の具体的手法,"（ア）に最もよく当てはまる選択肢を選んでください。
ある事象が起きる確率をpとしたとき、確率pの取り得る範囲は（ア）である。よって、p /（ 1 –  p ）の取り得る範囲は（イ）であり、対数オッズであるlog（ p /（ 1 –  p ））の取り得る範囲は（ウ）である。",0以上1以下,0以上,0未満,全ての実数,1,"選択肢1が正解です。
一般に確率の取り得る範囲は「0以上1以下」です。よって、選択肢1が正解です。"
65,機械学習の具体的手法,"（イ）に最もよく当てはまる選択肢を選んでください。
ある事象が起きる確率をpとしたとき、確率pの取り得る範囲は（ア）である。よって、p /（ 1 –  p ）の取り得る範囲は（イ）であり、対数オッズであるlog（ p /（ 1 –  p ））の取り得る範囲は（ウ）である。",0〜∞,0〜1,-∞〜0,-∞〜∞,1,"選択肢1が正解です。
確率pが取り得る範囲は0〜1です。pが0のとき、p /（ 1 –  p ）にp = 0を代入すると、「0 /（ 1 –  0 ）」から値は0になります。また、pが0.9のとき、p /（ 1 –  p ）にp = 0.9を代入すると、「0.9 /（ 1 –  0.9 ）」から値は9になります。pの値を1に近づけていくと、p /（ 1 –  p ）の値は大きくなっていき、最終的には∞に収束します。よって、p /（ 1 –  p ）の取り得る範囲は「0〜∞」になります。"
66,機械学習の具体的手法,"（ウ）に最もよく当てはまる選択肢を選んでください。
ある事象が起きる確率をpとしたとき、確率pの取り得る範囲は（ア）である。よって、p /（ 1 –  p ）の取り得る範囲は（イ）であり、対数オッズであるlog（ p /（ 1 –  p ））の取り得る範囲は（ウ）である。",0〜∞,0〜1,-∞〜0,-∞〜∞,4,"選択肢4が正解です。
対数オッズとは、ある確率をpとしたとき、log（ p /（ 1 – p ））で求めることができる値のことです。また、logの底はネイピア数です。

確率pが取り得る範囲は0〜1です。pが0.1のとき、log（ p /（ 1 –  p ））にp = 0.1を代入すると、「log（ 0.1 /（ 1 –  0.1 ））」から「log（ 0.1 / 0.9 ）」になり、値は約-2.2になります。pの値が小さくなればなるほど、log（ p /（ 1 –  p ））の値は小さくなり、最終的には-∞に収束します。
また、pが0.9のとき、log（ p /（ 1 –  p ））にp = 0.9を代入すると、「log（ 0.9 /（ 1 –  0.9 ））」から「log（ 9 ）」になり、値は約2.2になります。pの値が大きくなればなるほど、log（ p /（ 1 –  p ））の値は大きくなり、最終的には∞に収束します。よって、log（ p /（ 1 –  p ））の取り得る範囲は「-∞〜∞」になります。"
67,機械学習の具体的手法,分類モデルの評価に関する説明として、最も適切な選択肢を選択してください。,混同行列は多クラス分類では使うことができない,MSEは主に分類モデルの精度を評価するときに使用される,正解率が高くても、モデルの精度が低い可能性は存在する,適合率、再現率がともに0.9のときF値は0.45である,3,"選択肢3が正解です。
正解率が高くても、モデルの精度が低い可能性は存在します。例えば、製造した製品1万個に対して1個の割合で欠陥が発生するとします。そこで、AIを使って欠陥を発見するシステムを作ることになりました。そのAIを動かしてみると、正解率は99.99%でした。しかし、実際は欠陥を含めて全て正常であると判断しており、求めているAIではありませんでした。このように、正解率が高くても、モデルの精度が低い可能性は存在します。

選択肢1：混同行列は多クラス分類のときにも使うことができます。
選択肢2：MSEは主に回帰モデルの精度を評価するときに使用されます。
選択肢4：F値は、「（ 2 × 適合率 × 再現率）÷（適合率＋再現率）」で求めることができます。よって、「（ 2 × 0.9 × 0.9 ）÷（ 0.9 ＋ 0.9 ）」からF値は「0.9」になります。"
68,機械学習の具体的手法,"（ア）に最もよく当てはまる選択肢を選んでください。
二値分類などの結果をまとめた表のことを（ア）という。",デンドログラム,混同行列,SMOTE,フォルマント,2,"選択肢2が正解です。
混同行列とは、二値分類などの結果をまとめた表のことです。

選択肢1：デンドログラムとは、クラスタリング（クラスター分析）において各個体がクラスターにまとめられていく様子を樹形図の形で表したものです。
選択肢3：SMOTEとは、オーバーサンプリングの代表的な手法の1つで、データに偏りがあるときに、少ないデータのカテゴリに対して水増しを行います。
選択肢4：フォルマントとは、音声の周波数スペクトルに現れる周囲よりも強度が大きい周波数帯域のことをいいます。"
69,機械学習の具体的手法,"（ア）に最もよく当てはまる選択肢を選んでください。
未知のデータに対する精度のことを（ア）という。精度は、汎化誤差で測る。また、汎化誤差は（イ）、（ウ）、（エ）の要素に分解できる。（イ）とは、予測モデルが単純すぎるために発生する誤差のことであり、（ウ）とは、予測モデルが複雑すぎるために発生する誤差のことであり、（エ）とは減らすことができない実際の値と予測値との誤差のことである。",汎化精度,汎化性能,訓練精度,訓練性能,2,"選択肢2が正解です。
汎化性能とは、未知のデータに対する予測精度のことを言います。学習に使っていないデータに対する予測と正解の誤差である汎化誤差を使用して精度を測っていきます。

選択肢1：人工知能分野において、汎化精度という用語はありません。
選択肢3：人工知能分野において、訓練精度という用語はありません。
選択肢4：人工知能分野において、訓練性能という用語はありません。"
70,機械学習の具体的手法,"（イ）に最もよく当てはまる選択肢を選んでください。
未知のデータに対する精度のことを（ア）という。精度は、汎化誤差で測る。また、汎化誤差は（イ）、（ウ）、（エ）の要素に分解できる。（イ）とは、予測モデルが単純すぎるために発生する誤差のことであり、（ウ）とは、予測モデルが複雑すぎるために発生する誤差のことであり、（エ）とは減らすことができない実際の値と予測値との誤差のことである。",ノイズ,バリアンス,ストライド,バイアス,4,"選択肢4が正解です。
バイアスとは、予測モデルが単純すぎるために発生する誤差のことです。

選択肢1：ノイズとは、減らすことができない実際の値と予測値との誤差のことです。
選択肢2：バリアンスとは、予測モデルが複雑すぎるために発生する誤差のことです。
選択肢3：ストライドとは、カーネルをスライド（移動）させる幅のことを言います。"
71,機械学習の具体的手法,"（ウ）に最もよく当てはまる選択肢を選んでください。
未知のデータに対する精度のことを（ア）という。精度は、汎化誤差で測る。また、汎化誤差は（イ）、（ウ）、（エ）の要素に分解できる。（イ）とは、予測モデルが単純すぎるために発生する誤差のことであり、（ウ）とは、予測モデルが複雑すぎるために発生する誤差のことであり、（エ）とは減らすことができない実際の値と予測値との誤差のことである。",ノイズ,バリアンス,ストライド,バイアス,2,"選択肢2が正解です。
バリアンスとは、予測モデルが複雑すぎるために発生する誤差のことです。

選択肢1：ノイズとは、減らすことができない実際の値と予測値との誤差のことです。
選択肢3：ストライドとは、カーネルをスライド（移動）させる幅のことを言います。
選択肢4：バイアスとは、予測モデルが単純すぎるために発生する誤差のことです。"
72,機械学習の具体的手法,"（エ）に最もよく当てはまる選択肢を選んでください。
未知のデータに対する精度のことを（ア）という。精度は、汎化誤差で測る。また、汎化誤差は（イ）、（ウ）、（エ）の要素に分解できる。（イ）とは、予測モデルが単純すぎるために発生する誤差のことであり、（ウ）とは、予測モデルが複雑すぎるために発生する誤差のことであり、（エ）とは減らすことができない実際の値と予測値との誤差のことである。",ノイズ,バリアンス,ストライド,バイアス,1,"選択肢1が正解です。
ノイズとは、減らすことができない実際の値と予測値との誤差のことです。

選択肢2：バリアンスとは、予測モデルが複雑すぎるために発生する誤差のことです。
選択肢3：ストライドとは、カーネルをスライド（移動）させる幅のことを言います。
選択肢4：バイアスとは、予測モデルが単純すぎるために発生する誤差のことです。"
73,機械学習の具体的手法,"（ア）に最もよく当てはまる選択肢を選んでください。
重回帰分析では、（ア）に注意する必要がある。（ア）とは、重回帰モデルにおいて、相関係数の高い説明変数の組み合わせが存在することである。また、相関係数とは（イ）を表す値であり、絶対値は常に（ウ）である。",情報利得,多重共線性,再現率,局所表現,2,"選択肢2が正解です。
多重共線性とは、重回帰モデルにおいて、相関係数の高い説明変数の組み合わせが存在することです。重回帰分析などを行うときに、多重共線性が存在することで、計算が不安定になってしまうという特徴があります。

選択肢1：情報利得とは、親ノードの不純度と子ノードの不純度の差のことを言います。決定木では、情報利得が最大になるように、データを分割していきます。
選択肢3：再現率とは、分類モデルの評価指標の1つで、陽性データの中で、正しく陽性と判断できた割合のことです。再現率は、正しく陽性と判断した数を実際の陽性の数で割ることを求めることができます。
選択肢4：局所表現とは、1つの概念をワンホットベクトル（1つの値が1、他の値が0になっているベクトル）で表すような表現方法のことを言います。"
74,機械学習の具体的手法,"（イ）に最もよく当てはまる選択肢を選んでください。
重回帰分析では、（ア）に注意する必要がある。（ア）とは、重回帰モデルにおいて、相関係数の高い説明変数の組み合わせが存在することである。また、相関係数とは（イ）を表す値であり、絶対値は常に（ウ）である。",関係の強弱,関係の傾き度合い,正負の関係,関係の強弱と正負の関係,4,"選択肢4が正解です。
相関係数は、「関係の強弱と正負の関係」を表す値で、−1から1の値を取ります。値が0より大きければ正の相関、0より小さければ負の相関です。また、相関係数の絶対値が1に近ければ近いほど、相関は強くなります。一方、相関係数の絶対値が0に近ければ近いほど、相関は弱いです。"
75,機械学習の具体的手法,"（ウ）に最もよく当てはまる選択肢を選んでください。
重回帰分析では、（ア）に注意する必要がある。（ア）とは、重回帰モデルにおいて、相関係数の高い説明変数の組み合わせが存在することである。また、相関係数とは（イ）を表す値であり、絶対値は常に（ウ）である。",1より大きい値,0以上1以下,1未満,0以上,2,"選択肢2が正解です。
相関係数は、関係の強弱と正負の関係を表す値で、「−1から1」の値を取ります。以上から相関係数の絶対値は、常に0以上1以下になります。"
76,機械学習の具体的手法,教師なし学習のクラスタリングに関する例として、最も適切な選択肢を選択してください。,顧客の購入情報をもとに分析を行った結果、顧客を5グループに分けることができた,気温、曜日などの情報から1日あたりのA店舗の売上を予測した,売上を予測する際に要素（説明変数）が多いため、予測精度が著しく低下しない範囲内で要素を要約した,顧客の商品購入履歴から、ある商品を購入するかどうかを予測する,1,"選択肢1が正解です。
顧客を5つのグループに分けることができたと書かれていることから、クラスタリングの例だと分かります。クラスタリング（クラスタ分析）とは、データを類似度に基づいてグループ（クラスタ）に分けていく手法のことです。

選択肢2：様々な情報から1日あたりのA店舗の売上を予測したと書かれていることから、連続値を予測したことが分かります。データを活用して連続値を予測する問題を回帰問題と言います。
選択肢3：予測精度が著しく低下しない範囲内で要素（説明変数）を要約すると書かれていることから、次元削減の例だと分かります。次元削減（次元圧縮）とは、データの意味を保ったまま、データの特徴量（変数）を減らすことを言います。特徴量を減らすことで、計算量を減らすことができます。
選択肢4：顧客の商品購入履歴に基づきある商品を購入するかどうかを予測することから、クラス（購入するかどうか）を予測する問題だということが分かります。クラスを予測する問題を分類問題といいます。"
77,機械学習の具体的手法,"（ア）に最もよく当てはまる選択肢を選んでください。
機械学習の手法には、教師データを使って学習を行う（ア）、教師データを使わずに学習を行う（イ）などがある。",教師なし学習,教師あり学習,半教師あり学習,強化学習,2,"選択肢2が正解です。
教師あり学習とは、正解が与えられれたデータをもとに、ルールやパターンを学習していく手法のことで、分類問題や回帰問題を解くときなどによく使われます。

選択肢1：教師なし学習とは、正解が与えられていないデータをもとに、ルールやパターンを学習していく手法のことで、クラスタリングや次元削減（次元圧縮）などでよく使われます。
選択肢3：半教師あり学習とは、教師なし学習と教師あり学習を組み合わせた学習手法のことです。半教師あり学習では、少量のラベル付きデータで学習し、ラベルが付いていない大量のデータで学習することで、ラベル付きデータを集めるコストを下げることができます。
選択肢4：強化学習とは、与えられた環境下で、報酬が最大となる行動を行うように学習していく手法のことを言います。"
78,機械学習の具体的手法,"（イ）に最もよく当てはまる選択肢を選んでください。
機械学習の手法には、教師データを使って学習を行う（ア）、教師データを使わずに学習を行う（イ）などがある。",教師なし学習,教師あり学習,半教師あり学習,強化学習,1,"選択肢1が正解です。
教師なし学習とは、正解が与えられていないデータをもとに、ルールやパターンを学習していく手法のことで、クラスタリングや次元削減（次元圧縮）などでよく使われます。

選択肢2：教師あり学習とは、正解が与えられれたデータをもとに、ルールやパターンを学習していく手法のことで、分類問題や回帰問題を解くときなどによく使われます。
選択肢3：半教師あり学習とは、教師なし学習と教師あり学習を組み合わせた学習手法のことです。半教師あり学習では、少量のラベル付きデータで学習し、ラベルが付いていない大量のデータで学習することで、ラベル付きデータを集めるコストを下げることができます。
選択肢4：強化学習とは、与えられた環境下で、報酬が最大となる行動を行うように学習していく手法のことを言います。"
79,機械学習の具体的手法,"（ア）に最もよく当てはまる選択肢を選んでください。
モデルの複雑さと、データとの適合度とのバランスを知るときに使われる指標の1つに（ア）がある。",Rainbow,GPT,RMSprop,AIC,4,"選択肢4が正解です。
AIC（赤池情報量規準）とは、モデルのあてはまり度を表す値のことで、モデルの複雑さと、データとの適合度とのバランスを知るときに使われる指標の1つです。

選択肢1：Rainbowとは、DQNを改良したモデルで、ダブルDQNや優先度付き経験再生など様々な手法を組み合わせた手法です。
選択肢2：GPTとは、OpenAIが開発した自然言語処理モデルで、大規模なコーパスを使用して事前学習・ファインチューニングを行うモデルのことです。
選択肢3：RMSpropとは、AdaGradを改良したアルゴリズムで、局所最適化やプラトーなどを避け、学習の効率を上げることを目的にしています。"
80,機械学習の具体的手法,実際の値と予測値との差の2乗和が最小になるような、最ももっともらしい関数（重み）を求める手法として、最も適切な選択肢を選択してください。,最小二乗法,二乗和法,最小勾配法,誤差逆伝播法,1,"選択肢1が正解です。
最小二乗法とは、実際の値と予測値との差の2乗和が最小になるような、最ももっともらしい関数（重み）を求める手法のことを言います。

選択肢2：二乗和法という用語はありません。
選択肢3：最小勾配法という用語はありません。
選択肢4：誤差逆伝播法とは、出力層から入力層にかけて重みを調整していく手法のことです。"
81,ディープラーニングの概要,"（ア）に最もよく当てはまる選択肢を選んでください。
ニューラルネットワークにおいて、出力された結果と実際の結果の誤差を最小化するために出力層から入力層にかけて調整を行っていく方法を（ア）という。また、ニューラルネットワークの層が増えることで、入力層付近のパラメータの調整が上手くいかなくなるという問題を（イ）という。",勾配消失問題,フレーム問題,誤差逆伝播法,勾配爆発問題,3,"選択肢3が正解です。
誤差逆伝播法とは、出力層から入力層にかけて重みを調整していく手法のことです。

選択肢1：勾配消失問題とは、誤差逆伝播法において、出力層から入力層に向けて勾配が緩やかになっていき、入力層付近では実質的に重みが調整できなくなり、学習が進まなくなってしまう問題のことをいいます。
選択肢2：フレーム問題とは、処理能力が限られている人工知能では、現実に起こりうる全ての問題に対応することができないという問題のことです。フレーム問題は、人工知能における解決するべき重要な問題の1つです。
選択肢4：勾配爆発問題とは、勾配が大きくなってしまい、学習が進まなくなってしまう問題のことをいいます。"
82,ディープラーニングの概要,"（イ）に最もよく当てはまる選択肢を選んでください。
ニューラルネットワークにおいて、出力された結果と実際の結果の誤差を最小化するために出力層から入力層にかけて調整を行っていく方法を（ア）という。また、ニューラルネットワークの層が増えることで、入力層付近のパラメータの調整が上手くいかなくなるという問題を（イ）という。",勾配消失問題,フレーム問題,誤差逆伝播法,勾配爆発問題,1,"選択肢1が正解です。
勾配消失問題とは、誤差逆伝播法において、出力層から入力層に向けて勾配が緩やかになっていき、入力層付近では実質的に重みが調整できなくなり、学習が進まなくなってしまう問題のことをいいます。

選択肢2：フレーム問題とは、処理能力が限られている人工知能では、現実に起こりうる全ての問題に対応することができないという問題のことです。フレーム問題は、人工知能における解決するべき重要な問題の1つです。
選択肢3：誤差逆伝播法とは、出力層から入力層にかけて重みを調整していく手法のことです。
選択肢4：勾配爆発問題とは、勾配が大きくなってしまい、学習が進まなくなってしまう問題のことをいいます。"
83,ディープラーニングの概要,ミニバッチ学習に関する説明として、最も不適切な選択肢を選択してください。,1データあたりの計算速度はオンライン学習よりも速い,異常データから受ける影響はバッチ学習よりも大きい,オンライン学習よりも学習の安定度は高い,メモリの使用量はオンライン学習よりも少ない,4,"選択肢4が正解です。
メモリの使用量はオンライン学習よりも多く、バッチ学習よりも少ないです。そのため、「メモリの使用量はオンライン学習よりも少ない」は間違いです。

選択肢1：正しい説明です。1データあたりの計算速度はオンライン学習よりも速く、バッチ学習よりも遅いです。
選択肢2：正しい説明です。異常データから受ける影響はバッチ学習よりも大きく、オンライン学習よりも小さいです。
選択肢3：正しい説明です。オンライン学習よりも学習の安定度は高く、バッチ学習よりも低いです。"
84,ディープラーニングの概要,"（ア）に最もよく当てはまる選択肢を選んでください。
特徴量の範囲を比較がしやすいように処理することを（ア）という。（ア）には、正規化や標準化がある。",蒸留,スパース化,モデル圧縮,スケーリング,4,"選択肢4が正解です。
スケーリングとは、特徴量の範囲を比較がしやすいように処理することです。スケーリングの代表的な手法に、正規化や標準化などがあります。

選択肢1：蒸留とは、モデルを軽量化する代表的な手法で、学習済みモデルの入力と出力を学習させて、小さなモデルを作成する手法のことです。また、学習済みモデルを教師モデル、新しく作成するモデルを生徒モデルと言います。
選択肢2：スパース化とは、モデルに使用する特徴量の数を減らし、過学習が起きるのを防ぐ手法です。スパークは、「まばらな」や「すかすか」を意味します。
選択肢3：モデル圧縮とは、学習済みモデルの精度を落とさないように、モデルを軽量化していく手法のことを言います。大規模モデルの場合、計算量が多くなるため推論時間が長くなってしまい、使い勝手が悪くなってしまいますが、モデルを圧縮を行うことで、推論時間を短くし、利便性を向上させることができます。"
85,ディープラーニングの概要,"（ア）に最もよく当てはまる選択肢を選んでください。
勾配降下法において、局所最適解を防ぐ方法として、（ア）の値を大きくするという方法がある。しかし、（ア）の値が大きすぎると、（イ）を飛び越えることもあるので注意する必要がある。また、（ウ）の影響で学習が進みにくくなることもある。（ウ）とは、勾配が0になってしまう点のことである。",学習率,フォルマント周波数,AUC,コサイン類似度,1,"選択肢1が正解です。
学習率とは、重みなどパラメータを調整する設定値のことを言います。学習率は、大きすぎても、小さすぎてもよくなく、専門家が設定をします。

選択肢2：フォルマント周波数とは、フォルマントのある周波数のことです。
選択肢3：AUCとは、ROC曲線の下の部分の面積のことで、面積が1に近いほどモデルの性能は高いとされています。
選択肢4：コサイン類似度とは、テキスト間の関係性などを求めるときに使用する、ベクトルの類似度を表す指標のことです。"
86,ディープラーニングの概要,"（イ）に最もよく当てはまる選択肢を選んでください。
勾配降下法において、局所最適解を防ぐ方法として、（ア）の値を大きくするという方法がある。しかし、（ア）の値が大きすぎると、（イ）を飛び越えることもあるので注意する必要がある。また、（ウ）の影響で学習が進みにくくなることもある。（ウ）とは、勾配が0になってしまう点のことである。",融解,重解,大域最適解,全体最適解,3,"選択肢3が正解です。
大域最適解とは、範囲全体で見たときに最適な解のことを言います。

選択肢1：融解とは、温度の上昇等により、物体が固体から液体になることです。
選択肢2：重解とは、高次方程式において、2つ以上の解が同じになることです。
選択肢4：全体最適解という用語はありません。"
87,ディープラーニングの概要,"（ウ）に最もよく当てはまる選択肢を選んでください。
勾配降下法において、局所最適解を防ぐ方法として、（ア）の値を大きくするという方法がある。しかし、（ア）の値が大きすぎると、（イ）を飛び越えることもあるので注意する必要がある。また、（ウ）の影響で学習が進みにくくなることもある。（ウ）とは、勾配が0になってしまう点のことである。",デンドログラム,カーネル,蒸留,停留点,4,"選択肢4が正解です。
停留点とは、関数の微分が0になる点のことを言います。停留点の影響で学習が進みにくくなります。

選択肢1：デンドログラムとは、クラスタリング（クラスター分析）において各個体がクラスターにまとめられていく様子を樹形図の形で表したものです。
選択肢2：カーネルとは、畳み込み処理を行うときに使われるフィルタのことで、このフィルタを使い画像の特徴を抽出していきます。
選択肢3：蒸留とは、モデルを軽量化する代表的な手法で、学習済みモデルの入力と出力を学習させて、小さなモデルを作成する手法のことです。また、学習済みモデルを教師モデル、新しく作成するモデルを生徒モデルと言います。"
88,ディープラーニングの概要,"（ア）に最もよく当てはまる選択肢を選んでください。
各特徴量の平均を0、分散が1になるように変換することを（ア）という。",正規化,標準化,正則化,白色化,2,"選択肢2が正解です。
標準化とは、特徴量の平均を0、分散が1になるように変換することです。特徴量は標準正規分布に従うようになります。

選択肢1：正規化とは、データを利用しやすくするために、ルールに基づき、データを変形させることを言います。例えば、各特徴量を最大値で割って、各特徴量が0〜1の値になるように変形させる方法などがあります。
選択肢3：正則化とは、過学習を防ぐための手法の1つで、パラメータ（重み）に制限をかけることで、複雑になりすぎたモデルをシンプルなモデルにしていくことです。
選択肢4：白色化とは、各特徴量を無相関化し、平均が0、分散が1になるように変換すること（標準化）です。"
89,ディープラーニングの概要,"（ア）に最もよく当てはまる選択肢を選んでください。
誤差逆伝播法では、予測値と実際の値の誤差を（ア）によって求め、その値が最小になるように重みなどのパラメータを最適化していく。（ア）として（イ）や（ウ）などがよく使われる。（イ）は主に分類問題で使用され、（ウ）は主に回帰問題で使用される。",ReLU関数,シグモイド関数,ソフトマックス関数,誤差関数,4,"選択肢4が正解です。
誤差関数とは、モデルの予測値と実際の値の誤差を求める関数のことです。誤差関数は損失関数とも呼ばれています。

選択肢1：ReLu関数とは、活性化関数の1種で、入力値が0以下のときは0、入力値が0を超えるときは入力値をそのまま出力する関数のことです。ReLu関数を使用することで、勾配が消失しにくくなるという特徴があります。
選択肢2：シグモイド関数とは、活性化関数の1種で、2値分類で使用される関数です
選択肢3：ソフトマックス関数とは、活性化関数の1種で、多クラス分類のときに使われる関数です。"
90,ディープラーニングの概要,"（イ）に最もよく当てはまる選択肢を選んでください。
誤差逆伝播法では、予測値と実際の値の誤差を（ア）によって求め、その値が最小になるように重みなどのパラメータを最適化していく。（ア）として（イ）や（ウ）などがよく使われる。（イ）は主に分類問題で使用され、（ウ）は主に回帰問題で使用される。",恒等関数,平均二乗誤差関数,交差エントロピー誤差関数,ステップ関数,3,"選択肢3が正解です。
交差エントロピー誤差関数とは、ニューラルネットワークの誤差関数でよく使用される関数の1つです。主に分類問題で使用されます。

選択肢1：恒等関数とは、活性化関数の1種で、回帰問題のときに使われる関数です。
選択肢2：平均二乗誤差関数とは、ニューラルネットワークの誤差関数でよく使用される関数の1つです。主に回帰問題で使用されます。
選択肢4：ステップ関数とは、活性化関数の1種で、入力値が0未満なら出力値が0、入力値が0以上なら出力値が1になる関数です。"
91,ディープラーニングの概要,"（ウ）に最もよく当てはまる選択肢を選んでください。
誤差逆伝播法では、予測値と実際の値の誤差を（ア）によって求め、その値が最小になるように重みなどのパラメータを最適化していく。（ア）として（イ）や（ウ）などがよく使われる。（イ）は主に分類問題で使用され、（ウ）は主に回帰問題で使用される。",恒等関数,平均二乗誤差関数,交差エントロピー誤差関数,ステップ関数,2,"選択肢2が正解です。
平均二乗誤差関数とは、ニューラルネットワークの誤差関数でよく使用される関数の1つです。主に回帰問題で使用されます。

選択肢1：恒等関数とは、活性化関数の1種で、回帰問題のときに使われる関数です。
選択肢3：交差エントロピー誤差関数とは、ニューラルネットワークの誤差関数でよく使用される関数の1つです。主に分類問題で使用されます。
選択肢4：ステップ関数とは、活性化関数の1種で、入力値が0未満なら出力値が0、入力値が0以上なら出力値が1になる関数です。"
92,ディープラーニングの概要,"（ア）に最もよく当てはまる選択肢を選んでください。
ジェフリー・ヒントンは（ア）を「Beautiful FREE LUNCH」と表現している。",バッチ正規化,早期終了,ドロップアウト,アンサンブル学習,2,"選択肢2が正解です。
早期終了とは、過学習対策の1つで、汎化誤差が増加し始めたら学習を終了するという手法のことです。汎化誤差とは、学習に使っていないデータに対する予測と正解の誤差のことを言います。

選択肢1：バッチ正規化とは、隠れ層に入力する値を、ミニバッチ単位で正規化する手法のことを言います。バッチ正規化を行うことで、過学習が起きにくくなると言われています。
選択肢3：ドロップアウトとは、過学習対策の1つで、学習させるときにランダムにユニットを無効化させることで過学習を防ぎます。
選択肢4：アンサンブル学習とは、精度の高くないモデルを複数組み合わせて、精度の高い予測を行う手法のことです。"
93,ディープラーニングの概要,ノーフリーランチ定理の説明として、最も適切な選択肢を選択してください。,「ある事柄を説明するためには、必要以上に多くを仮定するべきではない」とする指針・考え方のこと,何らかの仮定がないと分類することは不可能であるという定理のこと,あらゆる問題を効率的に解ける汎用的なアルゴリズムはないということ,学習に必要なデータ量は、モデルのパラメータ数の10倍は必要とする経験則のこと,3,"選択肢3が正解です。
ノーフリーランチ定理とは、あらゆる問題を効率的に解ける汎用的なアルゴリズムはないことを意味します。一方、ジェフリー・ヒントンは早期終了を「Beautiful FREE LUNCH（素晴らしいフリーランチ）」と表現しています。

選択肢1：オッカムの剃刀の説明です。オッカムの剃刀とは、「ある事柄を説明するためには、必要以上に多くを仮定するべきではない」とする指針・考え方のことで、機械学習の分野でも採用されています。
選択肢2：みにくいアヒルの子定理の説明です。みにくいアヒルの子定理とは、何らかの仮定がないと分類することは不可能であるという定理のことです。
選択肢4：バーニーおじさんのルールの説明です。バーニーおじさんのルールとは、学習に必要なデータ量は、モデルのパラメータ数の10倍とする経験則のことです"
94,ディープラーニングの概要,"（ア）に最もよく当てはまる選択肢を選んでください。
積層オートエンコーダは、オートエンコーダを積み重ねたものである。しかし、オートエンコーダをいくら積み重ねたとしても、出力値と入力値が同じになるように学習しているため、（ア）の状態である。そこで、出力層に予測を行う層を追加することで、予測などを行うことができるようになる。これにより、（イ）が可能になる。",教師なし学習,教師あり学習,半教師あり学習,強化学習,1,"選択肢1が正解です。
教師なし学習とは、正解が与えられていないデータをもとに、ルールやパターンを学習していく手法のことで、クラスタリングや次元削減（次元圧縮）などでよく使われます。

選択肢2：教師あり学習とは、正解が与えられれたデータをもとに、ルールやパターンを学習していく手法のことで、分類問題や回帰問題を解くときなどによく使われます。
選択肢3：半教師あり学習とは、教師なし学習と教師あり学習を組み合わせた学習手法のことです。半教師あり学習では、少量のラベル付きデータで学習し、ラベルが付いていない大量のデータで学習することで、ラベル付きデータを集めるコストを下げることができます。
選択肢4：強化学習とは、与えられた環境下で、報酬が最大となる行動を行うように学習していく手法のことを言います。"
95,ディープラーニングの概要,"（イ）に最もよく当てはまる選択肢を選んでください。
積層オートエンコーダは、オートエンコーダを積み重ねたものである。しかし、オートエンコーダをいくら積み重ねたとしても、出力値と入力値が同じになるように学習しているため、（ア）の状態である。そこで、出力層に予測を行う層を追加することで、予測などを行うことができるようになる。これにより、（イ）が可能になる。",教師なし学習,教師あり学習,半教師あり学習,強化学習,2,"選択肢2が正解です。
教師あり学習とは、正解が与えられれたデータをもとに、ルールやパターンを学習していく手法のことで、分類問題や回帰問題を解くときなどによく使われます。

選択肢1：教師なし学習とは、正解が与えられていないデータをもとに、ルールやパターンを学習していく手法のことで、クラスタリングや次元削減（次元圧縮）などでよく使われます。
選択肢3：半教師あり学習とは、教師なし学習と教師あり学習を組み合わせた学習手法のことです。半教師あり学習では、少量のラベル付きデータで学習し、ラベルが付いていない大量のデータで学習することで、ラベル付きデータを集めるコストを下げることができます。
選択肢4：強化学習とは、与えられた環境下で、報酬が最大となる行動を行うように学習していく手法のことを言います。"
96,ディープラーニングの概要,"（ア）に最もよく当てはまる選択肢を選んでください。
積層オートエンコーダにロジスティック層などを後から加えた場合、モデル全体の重みを調整する必要がある。このように、仕上げとして、モデル全体の重みを調整することを（ア）という。",ファインチューニング,データリーケージ,ドメインランダマイゼーション,カウントエンコーディング,1,"選択肢1が正解です。
ファインチューニングとは、学習済みのモデルの一部と新しく追加したモデルを組み合わせたモデルなどのパラメータを微調整することを言います。

選択肢2：データリーケージとは、訓練データ・検証データにテストデータにすべき未知のデータ（本来得られるはずのないデータ）が入ってしまうことを言います。
選択肢3：ドメインランダマイゼーションとは、シミュレータの設定をランダムに変更することで、シュミレータと現実世界のギャップを小さくし、シミュレータから実世界へ移行させたときのモデルの精度低下を防ごうとする手法のことです。
選択肢4：カウントエンコーディングとは、カテゴリ変数を数値化する方法の1つで、データにカテゴリが登場した回数をカテゴリの数値として割り振る手法のことです。例えば、ユーザーデータがあり、データ全体で血液型がB型である人が15人いた場合、B型を15と数値に変換します。"
97,ディープラーニングの概要,"（ア）に最もよく当てはまる選択肢を選んでください。
人工知能の進化と半導体の進化には密接な関係性がある。半導体には、パソコンの頭脳と言われており、汎用的な演算処理装置である（ア）、画像処理が得意な演算処理装置である（イ）などがある。（イ）は並列的な処理に向いているため、ディープラーニングと相性が良い。また、画像処理が得意な（イ）を、画像処理以外の処理でも活用できるように改良した演算処理装置（ウ）が台頭してきた。",GPU,ELSI,CPU,NDA,3,"選択肢3が正解です。
CPUとは、パソコンの頭脳と言われており、汎用的な演算処理を行う装置のことです。

選択肢1：GPUとは、画像に関する演算処理を行う装置です。GPUは、CPUよりコア数が多く並列処理に優れており、単純な演算処理を大量に行うことができます。
選択肢2：ELSIとは、Ethical、 Legal and Social Issuesの頭文字をとったもので、倫理的・法的・社会的な課題の総称のことです。
選択肢4：NDAとは、取引を行うもの同士が営業秘密等を開示しないように、締結する秘密保持に関する契約のことです。"
98,ディープラーニングの概要,"（イ）に最もよく当てはまる選択肢を選んでください。
人工知能の進化と半導体の進化には密接な関係性がある。半導体には、パソコンの頭脳と言われており、汎用的な演算処理装置である（ア）、画像処理が得意な演算処理装置である（イ）などがある。（イ）は並列的な処理に向いているため、ディープラーニングと相性が良い。また、画像処理が得意な（イ）を、画像処理以外の処理でも活用できるように改良した演算処理装置（ウ）が台頭してきた。",GPU,ELSI,CPU,NDA,1,"選択肢1が正解です。
GPUとは、画像に関する演算処理を行う装置です。GPUは、CPUよりコア数が多く並列処理に優れており、単純な演算処理を大量に行うことができます。

選択肢2：ELSIとは、Ethical、 Legal and Social Issuesの頭文字をとったもので、倫理的・法的・社会的な課題の総称のことです。
選択肢3：CPUとは、パソコンの頭脳と言われており、汎用的な演算処理を行う装置のことです。
選択肢4：NDAとは、取引を行うもの同士が営業秘密等を開示しないように、締結する秘密保持に関する契約のことです。"
99,ディープラーニングの概要,"（ウ）に最もよく当てはまる選択肢を選んでください。
人工知能の進化と半導体の進化には密接な関係性がある。半導体には、パソコンの頭脳と言われており、汎用的な演算処理装置である（ア）、画像処理が得意な演算処理装置である（イ）などがある。（イ）は並列的な処理に向いているため、ディープラーニングと相性が良い。また、画像処理が得意な（イ）を、画像処理以外の処理でも活用できるように改良した演算処理装置（ウ）が台頭してきた。",BERT,GPGPU,AUC,BPR（Business Process Reengineering）,2,"選択肢2が正解です。
GPGPUとは、画像処理が得意なGPUを、画像処理以外の処理でも活用できるように改良した演算処理装置のことです。

選択肢1：BERTとは、Googleが開発した自然言語処理モデルのことです。また、BERTは従来のモデルで使用されていたLSTMの代わりに、トランスフォーマーと呼ばれるモデルを採用しています。
選択肢3：AUCとは、ROC曲線の下の部分の面積のことで、面積が1に近いほどモデルの性能は高いとされています。
選択肢4：BPR（Business Process Reengineering）とは、ビジネスプロセスを見直して再設計することを言います。AIを最大限活用できるように、ビジネスプロセスを再設計することが大切になります。"
100,ディープラーニングの概要,"（ア）に最もよく当てはまる選択肢を選んでください。
ニューラルネットワークの隠れ層にはシグモイド関数が使われていたが、勾配消失問題が生じやすかった。そこで、シグモイド関数の代わりに（ア）を使うことが提案された。（ア）に変えたことで、勾配消失問題が以前よりも発生しにくくなった。また、（ア）から（イ）が使われるようになることで、さらに勾配消失問題が発生しにくくなった。",行動価値関数,tanh関数,カーネル関数,ステップ関数,2,"選択肢2が正解です。
tanh関数（ハイパボリックタンジェント関数）とは、活性化関数の1種で、-1から1の値を出力する関数のことです。また、tanh関数は、シグモイド関数を線形変換した関数であり、隠れ層の活性化関数をシグモイド関数からtanh関数に変更することで勾配消失問題が緩和されます。

選択肢1：行動価値関数とは、ある状態において行動した結果、将来的に得られる報酬の合計を返す関数のことです。
選択肢3：カーネル関数とは、サポートベクターマシン（SVM）において、次元を拡張させるときに使用される関数のことです。
選択肢4：ステップ関数とは、活性化関数の1種で、入力値が0未満なら出力値が0、入力値が0以上なら出力値が1になる関数です。"
101,ディープラーニングの概要,"（イ）に最もよく当てはまる選択肢を選んでください。
ニューラルネットワークの隠れ層にはシグモイド関数が使われていたが、勾配消失問題が生じやすかった。そこで、シグモイド関数の代わりに（ア）を使うことが提案された。（ア）に変えたことで、勾配消失問題が以前よりも発生しにくくなった。また、（ア）から（イ）が使われるようになることで、さらに勾配消失問題が発生しにくくなった。",状態価値関数,ReLU関数,ソフトマックス関数,恒等関数,2,"選択肢2が正解です。
ReLu関数とは、活性化関数の1種で、入力値が0以下のときは0、入力値が0を超えるときは入力値をそのまま出力する関数のことです。ReLu関数を使用することで、勾配が消失しにくくなるという特徴があります。

選択肢1：状態価値関数とは、ある状態において、将来的に得られる報酬の合計を返す関数のことです。
選択肢3：ソフトマックス関数とは、活性化関数の1種で、多クラス分類のときに使われる関数です。
選択肢4：恒等関数とは、活性化関数の1種で、回帰問題のときに使われる関数です。"
102,ディープラーニングの概要,"（ア）に最もよく当てはまる選択肢を選んでください。
入力値が0より小さい場合、入力値をα倍した値を出力、0以上の場合には入力値と同じ値を出力する関数を（ア）という。",ステップ関数,恒等関数,カーネル関数,Leaky ReLU関数,4,"選択肢4が正解です。
Leaky ReLU関数とは、活性化関数の1種で、入力値が0以下の場合は入力値をα倍した値を出力し、入力値が0を超える場合は入力値と同じ値を出力します。Leaky ReLU関数は、ReLU関数を改良した関数になっています。

選択肢1：ステップ関数とは、活性化関数の1種で、入力値が0未満なら出力値が0、入力値が0以上なら出力値が1になる関数です。
選択肢2：恒等関数とは、活性化関数の1種で、回帰問題のときに使われる関数です。
選択肢3：カーネル関数とは、サポートベクターマシン（SVM）において、次元を拡張させるときに使用される関数のことです。"
103,ディープラーニングの手法,"（ア）に最もよく当てはまる選択肢を選んでください。
アナログデータをデジタルデータに変換することを（ア）という。また、音声データをデジタルデータに変換するときは、一般に（イ）という手法を使う。さらに、デジタル化した音声信号を周波数スペクトルに変換するために（ウ）という手法を使う。",A-D変換,クロス変換,高速フーリエ変換,リカレント変換,1,"選択肢1が正解です。
A-D変換（アナログデジタル変換）とは、アナログデータからデジタルデータに変換することです。

選択肢2：クロス変換という用語はありません。
選択肢3：高速フーリエ変換（FFT）とは、高速に音声信号を周波数スペクトルに変換する手法のことです。
選択肢4：リカレント変換という用語はありません。"
104,ディープラーニングの手法,"（イ）に最もよく当てはまる選択肢を選んでください。
アナログデータをデジタルデータに変換することを（ア）という。また、音声データをデジタルデータに変換するときは、一般に（イ）という手法を使う。さらに、デジタル化した音声信号を周波数スペクトルに変換するために（ウ）という手法を使う。",スパース化,方策勾配法,形態素解析,パルス符号変調,4,"選択肢4が正解です。
パルス符号変調（PCM）とは、音声などのアナログ信号をデジタル信号に変換するときに使用される手法です。

選択肢1：スパース化とは、モデルに使用する特徴量の数を減らし、過学習が起きるのを防ぐ手法です。スパークは、「まばらな」や「すかすか」を意味します。
選択肢2：方策勾配法とは、エージェントの方策を、パラメータを持った関数と定義し、方策の価値が最大になるようにパラメータを学習させる手法のことを言います
選択肢3：形態素解析とは、文章を意味を持つ最小の単位（形態素）に切り分けて解析を行うことです。"
105,ディープラーニングの手法,"（ウ）に最もよく当てはまる選択肢を選んでください。
アナログデータをデジタルデータに変換することを（ア）という。また、音声データをデジタルデータに変換するときは、一般に（イ）という手法を使う。さらに、デジタル化した音声信号を周波数スペクトルに変換するために（ウ）という手法を使う。",A-D変換,クロス変換,高速フーリエ変換,リカレント変換,3,"選択肢3が正解です。
高速フーリエ変換（FFT）とは、高速に音声信号を周波数スペクトルに変換する手法のことです。

選択肢1：A-D変換（アナログデジタル変換）とは、アナログデータからデジタルデータに変換することです。
選択肢2：クロス変換という用語はありません。
選択肢4：リカレント変換という用語はありません。"
106,ディープラーニングの手法,"（ア）に最もよく当てはまる選択肢を選んでください。
人間が感じる音高の変化の尺度のことを（ア）という。",経験再生,F値,ブルートフォース,メル尺度,4,"選択肢4が正解です。
メル尺度とは、人間が感じる音高の変化の尺度のことです。人間は高音になればなるほど音の高さの変化を感じにくいという特徴があります。

選択肢1：経験再生とは、DQNにおいて学習の精度を高める方法の1つで、エージェントがとった行動などをデータとして蓄積しておき、学習時などにランダムにデータを抜き出し学習に使う手法のことです。
選択肢2：F値とは、適合率と再現率の調和平均のことです。F値は、「（ 2 × 適合率 × 再現率）÷（適合率＋再現率）」で求めることができます。
選択肢3：ブルートフォースとは、総当たり攻撃、力ずくという意味です。また、全パターンを調べて最適な手を見つけ出すモンテカルロ法はブルートフォースで押し切る方法になります。"
107,ディープラーニングの手法,"（ア）に最もよく当てはまる選択肢を選んでください。
単語を低次元の実数値のベクトルで表現することを（ア）という。単語を（ア）で表すことで、ベクトル間の距離や位置関係から単語の意味を表現することができる。単語の（ア）を得る手法として（イ）がある。",潜在表現,局所表現,内部表現,分散表現,4,"選択肢4が正解です。
分散表現（単語埋め込み）とは、単語を低次元の実数値のベクトルで表現する方法のことです。

選択肢1：潜在表現とは、深層学習などによって観測データから本質的な特徴（特徴量）を抽出して表現することです。また、内部表現とも呼ばれています。
選択肢2：局所表現とは、1つの概念をワンホットベクトル（1つの値が1、他の値が0になっているベクトル）で表すような表現方法のことを言います。
選択肢3：内部表現とは、深層学習などによって観測データから本質的な特徴（特徴量）を抽出して表現することです。また、潜在表現とも呼ばれています。"
108,ディープラーニングの手法,"（イ）に最もよく当てはまる選択肢を選んでください。
単語を低次元の実数値のベクトルで表現することを（ア）という。単語を（ア）で表すことで、ベクトル間の距離や位置関係から単語の意味を表現することができる。単語の（ア）を得る手法として（イ）がある。",WordNet,word2vec,BoW,CBOW,2,"選択肢2が正解です。
word2vecとは、自然言語処理の1つで、単語の意味は周囲の単語によって決まるという分布仮説とニューラルネットワークを用いた手法になります。

選択肢1：WordNetとは、英語の語彙データベースであり、語彙の類義語や上位概念・下位概念などの情報がまとめられています。
選択肢3：BoW（Bag-of-Words）とは、単語の順番は考えず、文章中の単語の出現回数をカウントしたものをベクトルとして表現する手法のことです。
選択肢4：CBOW（Continuous Bag-of-Words）とは、word2vecのモデルの1つで、周囲の単語からある単語を推測する手法のことを言います。"
109,ディープラーニングの手法,"（ア）に最もよく当てはまる選択肢を選んでください。
文脈解析において、代名詞などを推定することを（ア）、関連した一連の文の意味的な関係性を推定することを（イ）という。",照応解析,係り受け解析,句構造解析,談話構造解析,1,"選択肢1が正解です。
照応解析とは、代名詞の指示対象を推定したり、省略された名詞を推定したりすることです。

選択肢2：係り受け解析とは、主語や述語、修飾語や被修飾語のように、単語同士の関係性を推定することです。
選択肢3：句構造解析とは、文の句構造を推定することです。
選択肢4：談話構造解析とは、関連した一連の文の意味的な関係性を推定することです。"
110,ディープラーニングの手法,"（イ）に最もよく当てはまる選択肢を選んでください。
文脈解析において、代名詞などを推定することを（ア）、関連した一連の文の意味的な関係性を推定することを（イ）という。",照応解析,係り受け解析,句構造解析,談話構造解析,4,"選択肢4が正解です。
談話構造解析とは、関連した一連の文の意味的な関係性を推定することです。

選択肢1：照応解析とは、代名詞の指示対象を推定したり、省略された名詞を推定したりすることです。
選択肢2：係り受け解析とは、主語や述語、修飾語や被修飾語のように、単語同士の関係性を推定することです。
選択肢3：句構造解析とは、文の句構造を推定することです。"
111,ディープラーニングの手法,"（ア）に最もよく当てはまる選択肢を選んでください。
音声の違いを表すスペクトル上の大まかな形を表した線を（ア）という。また、（ア）を求めるときに（イ）を用いる方法が一般的である。",フォルマント周波数,スペクトル包絡,周波数スペクトル,フォルマント,2,"選択肢2が正解です。
スペクトル包絡とは、音声の違いを表すスペクトル上の大まかな形を表した線のことです。

選択肢1：フォルマント周波数とは、音声の周波数スペクトルに現れる周囲よりも強度が大きい周波数帯域であるフォルマントに対応する周波数のことです。
選択肢3：周波数スペクトルとは、音などの波を成分に分解し、各成分（周波数）を見やすく並べたものです。
選択肢4：フォルマントとは、音声の周波数スペクトルに現れる周囲よりも強度が大きい周波数帯域のことをいいます。"
112,ディープラーニングの手法,"（イ）に最もよく当てはまる選択肢を選んでください。
音声の違いを表すスペクトル上の大まかな形を表した線を（ア）という。また、（ア）を求めるときに（イ）を用いる方法が一般的である。",ELMo,MFCC,SSD,CBOW,2,"選択肢2が正解です。
MFCC（メル周波数ケプストラム係数）は、スペクトル包絡を求めるときによく用いられる手法です。

選択肢1：ELMoとは、word2vecを改良したモデルで、双方向リカレントニューラルネットワークを活用しており、複数の意味を持つ単語でも前後文から適切な意味を推測することが可能です。
選択肢3：SSDとは、YOLOと同じように物体の認識と物体領域の切り出しを同時に行う手法のことです。
選択肢4：CBOW（Continuous Bag-of-Words）とは、word2vecのモデルの1つで、周囲の単語からある単語を推測する手法のことを言います。"
113,ディープラーニングの手法,"（ア）に最もよく当てはまる選択肢を選んでください。
画像や音声など様々なデータから一定の規則・ルールを見つけ識別することを（ア）という。",ルール認識,パターン認識,画音認識,一般認識,2,"選択肢2が正解です。
パターン認識とは、画像や音声など様々なデータから一定のパターン・特徴を見つけ識別し、取り出す技術のことを言います。音声認識、顔認識、文字認識などはパターン認識の代表的な例です。

選択肢1：ルール認識という用語はありません。
選択肢3：画音認識という用語はありません。
選択肢4：一般認識という用語はありません。"
114,ディープラーニングの手法,"（ア）に最もよく当てはまる選択肢を選んでください。
BoW（Bag-of-Words）とは、単語の順番は考えず、文章中の単語の出現回数をカウントしたものを（ア）として表現する手法である。（ア）で表現するまでには、4つのステップが存在する。まず1ステップ目が、文章を単語に分割することである。2ステップ目では、分割した単語にIDをつけていく。3ステップ目では、全ての単語を（イ）に変換する。4ステップ目では、各（イ）を足し合わせていく。以上の4ステップから、作成していく。",関数,樹形図,ベクトル,意味ネットワーク,3,"選択肢3が正解です。
ベクトルとは、大きさと方向の両方を持つ量のことです。

選択肢1：関数とは、ある値が決まったとき、他の値も決まる関係性を表した式のことです。
選択肢2：樹形図とは、樹木のように枝分かれした形の図のことです。
選択肢4：意味ネットワークとは、概念間の意味関係を表現するために使われるもので、概念をノードで表し、概念の意味関係をリンクで表していきます。"
115,ディープラーニングの手法,"（イ）に最もよく当てはまる選択肢を選んでください。
BoW（Bag-of-Words）とは、単語の順番は考えず、文章中の単語の出現回数をカウントしたものを（ア）として表現する手法である。（ア）で表現するまでには、4つのステップが存在する。まず1ステップ目が、文章を単語に分割することである。2ステップ目では、分割した単語にIDをつけていく。3ステップ目では、全ての単語を（イ）に変換する。4ステップ目では、各（イ）を足し合わせていく。以上の4ステップから、作成していく。",ワンホットベクトル,SHAP,Q値,エントロピー,1,"選択肢1が正解です。
ワンホットベクトルとは、1つの値が1、他の値が0になっているベクトルのことを言います。

選択肢2：SHAPとは、ゲーム理論におけるShapley値を利用して、それぞれの特徴量が予測にどの程度影響を与えたかを算出する手法のことです。
選択肢3：Q値とは、行動価値関数から返ってくる値のことです。
選択肢4：エントロピーとは、乱雑な状態の度合いを表す用語で、不純度の指標などで使われる概念です。"
116,ディープラーニングの手法,"（ア）に最もよく当てはまる選択肢を選んでください。
入力画像のピクセルの間隔をあけて畳み込み処理を行う手法のことを（ア）という。",潜在的ディリクレ配分法,デュエリングネットワーク,Dilated Convolution（Atrous Convolution）,グローバルアベレージプーリング,3,"選択肢3が正解です。
Dilated Convolution（Atrous Convolution）とは、入力画像のピクセルの間隔をあけて畳み込み処理を行う手法のことです。

選択肢1：潜在的ディリクレ配分法（LDA）とは、トピックモデルの代表的な手法の1つです。
選択肢2：デュエリングネットワークとは、強化学習のネットワークを改良したもので、行動価値関数や状態価値関数などを活用したモデルのことです。Q値を状態価値と行動のアドバンテージ価値の2つに分けて学習していきます。
選択肢4：グローバルアベレージプーリング（GAP）とは、チャンネルごとの特徴マップの平均値を求めて、それをまとめる処理のことです。"
117,ディープラーニングの手法,"（ア）に最もよく当てはまる選択肢を選んでください。
福島によって、単純型細胞、複雑型細胞のはたらきをもとに（ア）と呼ばれるモデルが作られる。（ア）は初期のCNNモデルである。",単純パーセプトロン,ネオコグニトロン,リカレントニューラルネットワーク（RNN）,ファインチューニング,2,"選択肢2が正解です。
ネオコグニトロンとは、福島邦彦氏によって提唱されたCNNのもとになったモデルのことで、人間の視覚野に関する神経細胞をもとに作られたものです。S細胞層とC細胞層を交互に接続し、人間の脳の視覚野を再現しています。

選択肢1：単純パーセプトロンとは、1958年に提案されたニューラルネットワークで、入力層と出力層からなるモデルのことです。活性化関数として、ステップ関数が用いられています。
選択肢3：リカレントニューラルネットワーク（RNN）とは、音声処理、自然言語処理、時系列データなどの学習に用いられるニューラルネットワークです。
選択肢4：ファインチューニングとは、学習済みのモデルの一部と新しく追加したモデルを組み合わせたモデルなどのパラメータを微調整することを言います。"
118,ディープラーニングの手法,"（ア）に最もよく当てはまる選択肢を選んでください。
過去のデータだけではなく、未来のデータからも学習できるようにしたモデルのことを（ア）という。自然言語処理の場合、過去の単語だけではなく、未来の単語も使用することで意味の推測精度を高めることができる。",双方向RNN,CNN,積層オートエンコーダ,単純パーセプトロン,1,"選択肢1が正解です。
双方向RNNとは、過去のデータだけではなく、未来のデータからも学習できるようにしたモデルのことです。

選択肢2：CNNとは、畳み込みニューラルネットワークのことで、画像認識の分野に特化したニューラルネットワークです。CNNは、OCR、パターン認識など幅広い分野で使用されています。
選択肢3：積層オートエンコーダとは、オートエンコーダを何層も重ね合わせたもので、入力層から出力層にかけて学習を行っていく手法を取ります。
選択肢4：単純パーセプトロンとは、1958年に提案されたニューラルネットワークで、入力層と出力層からなるモデルのことです。活性化関数として、ステップ関数が用いられています。"
119,ディープラーニングの手法,"（ア）に最もよく当てはまる選択肢を選んでください。
画像などを分類するモデルのことを（ア）といい、画像など新しいデータを作るモデルを（イ）という。",作成モデル,識別モデル,生成モデル,分別モデル,2,"選択肢2が正解です。
識別モデルとは、画像などを分類・識別することを目的としたモデルのことです。

選択肢1：作成モデルという用語はありません。
選択肢3：生成モデルとは、画像などの新しいデータを生成することを目的としたモデルのことです。新しいデータを作り出すタスクのことを生成タスクといいます。
選択肢4：分別モデルという用語はありません。"
120,ディープラーニングの手法,"（イ）に最もよく当てはまる選択肢を選んでください。
画像などを分類するモデルのことを（ア）といい、画像など新しいデータを作るモデルを（イ）という。",作成モデル,識別モデル,生成モデル,分別モデル,3,"選択肢3が正解です。
生成モデルとは、画像などの新しいデータを生成することを目的としたモデルのことです。新しいデータを作り出すタスクのことを生成タスクといいます。

選択肢1：作成モデルという用語はありません。
選択肢2：識別モデルとは、画像などを分類・識別することを目的としたモデルのことです。
選択肢4：分別モデルという用語はありません。"
121,ディープラーニングの手法,"（ア）に最もよく当てはまる選択肢を選んでください。
（ア）は、FCNと同様にCNNで使われている全結合層を畳み込み層に置き換えたネットワークを持ち、エンコーダとデコーダの構造を採用しているモデルである。",SegNet,EfficientNet,MnasNet,AlexNet,1,"選択肢1が正解です。
SegNet（セグネット）とは、セマンティックセグメンテーションの代表的な手法の1つで、FCNと同様にCNNで使われている全結合層を畳み込み層に置き換えたネットワークを持ちます。また、エンコーダとデコーダの構造を取り入れています。

選択肢2：EfficientNetとは、Googleが発表したもので、ネットワークの幅・深さ・解像度を1つの複合係数を使い、少ないパラメータ数で精度の高い処理を行うモデルのことです。また、転移学習に有用なモデルとして活用されています。
選択肢3：MnasNetとは、モバイル端末などでも使用できるように設計されたNASのことです。
選択肢4：AlexNetとは、2012年に画像認識の精度を競う大会であるILSVRCにて、圧倒的な精度で優勝したモデルのことです。2012年当時は、画像認識には機械学習が用いられており、特徴量は人間が決めていました。一方、AlexNetではディープラーニング技術が採用されていました。"
122,ディープラーニングの手法,"（ア）に最もよく当てはまる選択肢を選んでください。
GPTやBERTは、大規模データを使用して（ア）したモデルを、用途に合わせて（イ）をすることで、様々なタスクを解くことができます。",メタ学習,事前学習,模倣学習,転移学習,2,"選択肢2が正解です。
事前学習とは、移転学習などで用いられるモデルを作るために、大量のデータを使って学習を行うことです。

選択肢1：メタ学習とは、学習の仕方を学習する方法のことです。以前に行った学習から、最適なパラメータの初期値などの知見を獲得することで、その知見を使って効率的に学習を行うことができます。
選択肢3：模倣学習とは、人間がロボットをコントロールして期待される方策を学習させる方法のことです。
選択肢4：転移学習とは、ある領域で学習させたモデルを、別の領域で活用する技術のことを言います。学習済みのモデルを活用することで、0からモデルを構築するというコストを削減することができます。"
123,ディープラーニングの手法,"（イ）に最もよく当てはまる選択肢を選んでください。
GPTやBERTは、大規模データを使用して（ア）したモデルを、用途に合わせて（イ）をすることで、様々なタスクを解くことができます。",メタ学習,事前学習,模倣学習,転移学習,4,"選択肢4が正解です。
転移学習とは、ある領域で学習させたモデルを、別の領域で活用する技術のことを言います。学習済みのモデルを活用することで、0からモデルを構築するというコストを削減することができます。

選択肢1：メタ学習とは、学習の仕方を学習する方法のことです。以前に行った学習から、最適なパラメータの初期値などの知見を獲得することで、その知見を使って効率的に学習を行うことができます。
選択肢2：事前学習とは、移転学習などで用いられるモデルを作るために、大量のデータを使って学習を行うことです。
選択肢3：模倣学習とは、人間がロボットをコントロールして期待される方策を学習させる方法のことです。"
124,ディープラーニングの手法,"（ア）に最もよく当てはまる選択肢を選んでください。
RNNは、（ア）をもったニューラルネットワークである。また、RNNにおいて、時間軸に沿って誤差を反映させていくことを（イ）という。",再帰構造,Self-Attention,制限付きボルツマンマシン,深層信念ネットワーク,1,"選択肢1が正解です。
RNNは、「再帰構造」をもったニューラルネットワークです。

選択肢2：Self-Attention（自己注意機構）とは、入力文内、出力文内の単語間の関連度を計算するAttentionで、トランスフォーマに採用されているネットワーク構造です。
選択肢3：制限付きボルツマンマシンとは、制限をかけたボルツマンマシンのことです。特徴として、可視層と隠れ層のユニットは結合していますが、同じ層のユニットは結合していません。
選択肢4：深層信念ネットワークとは、ジェフリー・ヒントンが提唱したモデルで、オートエンコーダの代わりに制限付きボルツマンマシンを積み重ねたモデルのことです。"
125,ディープラーニングの手法,"（イ）に最もよく当てはまる選択肢を選んでください。
RNNは、（ア）をもったニューラルネットワークである。また、RNNにおいて、時間軸に沿って誤差を反映させていくことを（イ）という。",隠れマルコフモデル（HMM）,Random Erasing,BPTT,パノプティックセグメンテーション,3,"選択肢3が正解です。
BPTT（BackPropagation Through-Time）とは、RNNにおけるパラメータを更新していく手法のことで、時間軸にそって誤差を反映させていきます。

選択肢1：隠れマルコフモデル（HMM）は、音声認識でよく使われていたモデルで、確率モデルの1つです。
選択肢2：Random Erasingとは、データのバリエーションを増やす手法の1つで、画像の一部をランダムな値にして画像を生成する手法のことです。
選択肢4：パノプティックセグメンテーションとは、セマンティックセグメンテーションとインスタンスセグメンテーションを組み合わせた手法のことです。"
126,ディープラーニングの手法,"（ア）に最もよく当てはまる選択肢を選んでください。
CNNの（ア）は視覚野の局所受容野に対応する。",畳み込み層,プーリング層,全結合層,可視層,1,"選択肢1が正解です。
畳み込み層とは、カーネルを使って画像の特徴を抽出する層のことです。また、視覚野の局所受容野に対応します。

選択肢2：プーリング層とは、畳み込み層で出力した特徴マップを、ルールに従いデータ量を小さくしていく処理を行う層のことです。
選択肢3：全結合層とは、畳み込み層で抽出された特徴マップをもとに目的に応じた値を出力するための層のことです。
選択肢4：可視層とは、入力層と出力層がセットになったもので、オートエンコーダの層の1つです。"
127,ディープラーニングの手法,"（ア）に最もよく当てはまる選択肢を選んでください。
Googleが発表した（ア）は、ネットワークの幅・深さ・解像度などのスケーリングに関して1つの複合係数を使って調整を行うことで、少ないパラメータ数で高い精度を叩き出した。また、（ア）は（イ）に向いているモデルの1つである。",EfficientNet,MobileNet,NASNet,VGGNet,1,"選択肢1が正解です。
EfficientNetとは、Googleが発表したもので、ネットワークの幅・深さ・解像度を1つの複合係数を使い、少ないパラメータ数で精度の高い処理を行うモデルのことです。また、転移学習に有用なモデルとして活用されています。

選択肢2：MobileNetとは、スマートフォンなどのモバイル端末でも使用できるほど計算量やメモリ使用量が小さいモデルのことです。また、MobileNetでは、Depthwise Separable Convolutionという手法が使われています。
選択肢3：NASNetとは、ResNetのResidual BlockをベースにしたNASで、Googleによって発表されたものです。
選択肢4：VGGNetとは、オックスフォード大学のVGG（Visual Geometry Group）が開発したCNNで、AlexNetよりも層をより深くしたモデルになっています。また、少ない層で学習を行い、後から層を追加することで層を深くする方法を採用しています。"
128,ディープラーニングの手法,"（イ）に最もよく当てはまる選択肢を選んでください。
Googleが発表した（ア）は、ネットワークの幅・深さ・解像度などのスケーリングに関して1つの複合係数を使って調整を行うことで、少ないパラメータ数で高い精度を叩き出した。また、（ア）は（イ）に向いているモデルの1つである。",メタ学習,転移学習,バッチ学習,TD学習,2,"選択肢2が正解です。
転移学習とは、ある領域で学習させたモデルを、別の領域で活用する技術のことを言います。学習済みのモデルを活用することで、0からモデルを構築するというコストを削減することができます。

選択肢1：メタ学習とは、学習の仕方を学習する方法のことです。以前に行った学習から、最適なパラメータの初期値などの知見を獲得することで、その知見を使って効率的に学習を行うことができます。
選択肢3：バッチ学習とは、訓練データ全体を投入してモデルを学習させる手法です。学習結果は安定しやすいですが、全ての訓練データを使用するため、計算負担が大きいという特徴があります。また、訓練データが増えると、1から計算をやり直す必要があるため、コストがかかってしまう特徴もあります。
選択肢4：TD学習とは、強化学習の1つで、エピソードの終了まで待たずに状態価値関数や行動価値関数を更新する手法のことです。TD学習の代表的な手法には、Q学習やSARSAがあります。"
129,ディープラーニングの手法,"（ア）に最もよく当てはまる選択肢を選んでください。
CNNにおいて、畳み込み層で抽出された特徴マップをもとに目的に応じた値を出力するための層のことを（ア）という。",プーリング層,S細胞層,全結合層,C細胞層,3,"選択肢3が正解です。
全結合層とは、畳み込み層で抽出された特徴マップをもとに目的に応じた値を出力するための層のことです。

選択肢1：プーリング層とは、畳み込み層で出力した特徴マップを、ルールに従いデータ量を小さくしていく処理を行う層のことです。
選択肢2：S細胞層とは、ネオコグニトロンを構成する層の1つで、画像の特徴を抽出する層のことです。
選択肢4：C細胞層とは、ネオコグニトロンを構成する層の1つで、位置ずれを許容する層のことです。"
130,ディープラーニングの手法,"（ア）に最もよく当てはまる選択肢を選んでください。
word2vecを提案したトマス・ミコロフが、（ア）というライブラリを発表した。（ア）はword2vecよりも学習に要する時間が短くなり、（イ）の単語埋め込み計算も可能になった。さらに、単語の活用などを考慮することができるようになった。しかし、word2vecや（ア）は、文脈などによって変わる単語を上手く扱うことができない。そこで、文脈を考慮した分散表現を得る手法として（ウ）が提案される。（ウ）は（エ）を活用した手法である。",fastText,WordNet,TF-IDF,DistilBERT,1,"選択肢1が正解です。
fastTextとは、word2vecを改良したモデルで、未知語に強い特徴があります。

選択肢2：WordNetとは、英語の語彙データベースであり、語彙の類義語や上位概念・下位概念などの情報がまとめられています。
選択肢3：TF-IDFとは、文章における単語の重要度を計算する方法の1つで、単語の出現頻度（TF：Term Frequency）と文章に含まれている単語がどれだけ珍しいか（IDF：Inverse Document Frequency）を数値化したものを掛け合わせて計算をしていきます。
選択肢4：DistilBERTとは、BERTをベースに精度を維持しながらパラメータ数を減らし、軽量化したモデルのことです。"
131,ディープラーニングの手法,"（イ）に最もよく当てはまる選択肢を選んでください。
word2vecを提案したトマス・ミコロフが、（ア）というライブラリを発表した。（ア）はword2vecよりも学習に要する時間が短くなり、（イ）の単語埋め込み計算も可能になった。さらに、単語の活用などを考慮することができるようになった。しかし、word2vecや（ア）は、文脈などによって変わる単語を上手く扱うことができない。そこで、文脈を考慮した分散表現を得る手法として（ウ）が提案される。（ウ）は（エ）を活用した手法である。",CIFAR,REINFORCE,STRIPS,OOV,4,"選択肢4が正解です。
OOVとは、辞書（訓練データ）に存在しない単語のことです。

選択肢1：CIFARとは、飛行機や自転車など様々な種類の画像を集めたデータセットです。
選択肢2：REINFORCEとは、アルファ碁などで使用されている方策ベースのアルゴリズムです。
選択肢3：STRIPSとは、「前提条件」「行動」「結果」を組み合わせて記述していくプランニングシステムのことです。"
132,ディープラーニングの手法,"（ウ）に最もよく当てはまる選択肢を選んでください。
word2vecを提案したトマス・ミコロフが、（ア）というライブラリを発表した。（ア）はword2vecよりも学習に要する時間が短くなり、（イ）の単語埋め込み計算も可能になった。さらに、単語の活用などを考慮することができるようになった。しかし、word2vecや（ア）は、文脈などによって変わる単語を上手く扱うことができない。そこで、文脈を考慮した分散表現を得る手法として（ウ）が提案される。（ウ）は（エ）を活用した手法である。",Grad-CAM,ELMo,AdaDelta,PARRY,2,"選択肢2が正解です。
ELMoとは、word2vecを改良したモデルで、双方向リカレントニューラルネットワークを活用しており、複数の意味を持つ単語でも前後文から適切な意味を推測することが可能です。

選択肢1：Grad-CAMとは、予測値に対する勾配を利用して、画像認識においてAIが画像のどの部分を見て判断しているのかを可視化する手法のことです。
選択肢3：AdaDeltaとは、AdaGradを改良したアルゴリズムで、局所最適化やプラトーなどを避け、学習の効率を上げることを目的にしています。
選択肢4：PARRYとは、ELIZAと同時期にケネス・コルビーによって開発されたチャットボットです。また、ELIZAと会話をしたことがあり、会話の記録も残っています。"
133,ディープラーニングの手法,"（エ）に最もよく当てはまる選択肢を選んでください。
word2vecを提案したトマス・ミコロフが、（ア）というライブラリを発表した。（ア）はword2vecよりも学習に要する時間が短くなり、（イ）の単語埋め込み計算も可能になった。さらに、単語の活用などを考慮することができるようになった。しかし、word2vecや（ア）は、文脈などによって変わる単語を上手く扱うことができない。そこで、文脈を考慮した分散表現を得る手法として（ウ）が提案される。（ウ）は（エ）を活用した手法である。",TensorFlow,CNN,双方向RNN,トランスフォーマー,3,"選択肢3が正解です。
双方向RNNとは、過去のデータだけではなく、未来のデータからも学習できるようにしたモデルのことです。

選択肢1：TensorFlowとは、Googleが開発したディープラーニング用のフレームワークです。
選択肢2：CNNとは、畳み込みニューラルネットワークのことで、画像認識の分野に特化したニューラルネットワークです。CNNは、OCR、パターン認識など幅広い分野で使用されています。
選択肢4：トランスフォーマーとは、2017年に発表されたニューラル機械翻訳のモデルです。また、ネットワークにはRNNを使用せずSelf-Attention・Source-Target AttentionのAttention機構で成り立っており、並列処理がしやすく、RNNを使用するよりも高速でモデルの学習が可能という特徴があります。"
134,ディープラーニングの手法,"（ア）に最もよく当てはまる選択肢を選んでください。
畳み込み層で出力した特徴マップをルールに従って小さくする層を（ア）という。",GAP層,畳み込み層,全結合層,プーリング層,4,"選択肢4が正解です。
プーリング層とは、畳み込み層で出力した特徴マップを、ルールに従いデータ量を小さくしていく処理を行う層のことです。

選択肢1：GAP層とは、チャンネルごとの特徴マップの平均値を求めて、それをまとめる処理を行う層です。
選択肢2：畳み込み層とは、カーネルを使って画像の特徴を抽出する層のことです。
選択肢3：全結合層とは、畳み込み層で抽出された特徴マップをもとに目的に応じた値を出力するための層のことです。"
135,ディープラーニングの手法,"（ア）に最もよく当てはまる選択肢を選んでください。
状態に対する特徴表現学習のことを（ア）という。前もって（ア）を行うことで、学習効率を高めることができる。",転移学習,状態表現学習,半教師あり学習,アンサンブル学習,2,"選択肢2が正解です。
状態表現学習とは、状態に対する特徴表現学習のことです。

選択肢1：転移学習とは、ある領域で学習させたモデルを、別の領域で活用する技術のことを言います。学習済みのモデルを活用することで、0からモデルを構築するというコストを削減することができます。
選択肢3：半教師あり学習とは、教師なし学習と教師あり学習を組み合わせた学習手法のことです。半教師あり学習では、少量のラベル付きデータで学習し、ラベルが付いていない大量のデータで学習することで、ラベル付きデータを集めるコストを下げることができます。
選択肢4：アンサンブル学習とは、精度の高くないモデルを複数組み合わせて、精度の高い予測を行う手法のことです。"
136,ディープラーニングの手法,OpenCVに関する説明として、最も適切な選択肢を選択してください。,ソースコードを保存・共有ができるサービス,強化学習のシミュレーション用プラットフォーム,世界中の大学の授業を受講できるサービス,画像処理・画像解析のためのライブラリ,4,"選択肢4が正解です。
OpenCVとは、画像処理・画像解析のためのライブラリのことです。

選択肢1：GitHubの説明です。GitHubとは、ソースコードを保存・共有ができるサービスのことです。
選択肢2：OpenAI Gymの説明です。OpenAI Gymとは、強化学習のシミュレーション用プラットフォームのことです。
選択肢3：Courseraの説明です。Courseraとは、世界中の大学の授業を受講できるサービスです。"
137,ディープラーニングの手法,CNNに関する説明として、最も不適切な選択肢を選択してください。,全結合層の代わりにGAP層を使用することで、パラメータの数を少なくすることができ、過学習が起きにくくなる,全結合層に値を入力する前に2次元情報である特徴マップを1列に並べる処理をする必要がある,プーリング層には特有の重みが存在し複雑な計算を行う必要がある,プーリングはダウンサンプリング、サブサンプリングとも言われる,3,"選択肢3が正解です
プーリング層には重みなどはなく決められた計算を機械的に行っていきます。

選択肢1：正しい説明です。全結合層の代わりにGAP層を使用することで、パラメータの数を少なくすることができ、過学習が起きにくくなります。
選択肢2：正しい説明です。全結合層に値を入力する前に2次元情報である特徴マップを1列に並べる処理をする必要があります。
選択肢4：正しい説明です。プーリングはダウンサンプリング、サブサンプリングとも言われています。"
138,ディープラーニングの手法,"（ア）に最もよく当てはまる選択肢を選んでください。
深層強化学習などでは行動は離散値として出力されるが、ロボットなどを扱う場合はスピードや進行角度など連続値を扱う必要がある。このように、連続値をどのように扱えばよいのかという問題のことを（ア）という。",連続値制御問題,離散値変換問題,連続離散問題,制御変換問題,1,"選択肢1が正解です。
連続値制御問題とは、深層強化学習などでは行動は離散値として出力されるが、ロボットなどを扱う場合はスピードや進行角度など連続値を扱う必要があり、どのように連続値を扱えばよいのかという問題のことです。

選択肢2：離散値変換問題という用語はありません。
選択肢3：連続離散問題という用語はありません。
選択肢4：制御変換問題という用語はありません。"
139,ディープラーニングの手法,"（ア）に最もよく当てはまる選択肢を選んでください。
装置などでどれだけ細かく測定できるかを表す能力のことを（ア）という。",ディスクリミネータ,分解能,トラッキング,推移律,2,"選択肢2が正解です。
分解能とは、装置などでどれだけ細かく測定できるかを表す能力のことです。

選択肢1：ディスクリミネータとは、GANを構成するネットワークの1つで、ジェネレータが生成した画像の真偽を予測するものです。
選択肢3：トラッキングとは、Webサイトの運営者などが、サイト訪問者の行動情報を収集したり、分析したりすることをいう。
選択肢4：推移律とは、AとBに関係が成り立ち、BとCに関係が成り立つとき、AとCにも関係が成り立つことをいいます。"
140,ディープラーニングの手法,深層強化学習に関する説明として、最も不適切な選択肢を選択してください。,深層強化学習の手法には、DQN以外にも多くの手法が存在する,正解データを必ず与える必要がある学習方法である,深層学習と強化学習を組み合わせた手法である,ロボット制御で深層強化学習を行う場合、連続値制御の問題が存在する,2,"選択肢2が正解です。
正解データを与えることが難しい場合でも、報酬を上手く設定できれば学習を行うことができます。そのため、「正解データを必ず与える必要がある学習方法である」は間違いです。

選択肢1：正しい説明です。DQN以外にも多くの手法が存在します。
選択肢3：正しい説明です。深層強化学習は、深層学習と強化学習を組み合わせた手法です。
選択肢4：正しい説明です。ロボット制御で深層強化学習を行う場合、連続値制御の問題が存在します。"
141,ディープラーニングの手法,"（ア）に最もよく当てはまる選択肢を選んでください。
カーネル幅とストライドが同じ場合、アベレージプーリングとマックスプーリングの出力結果のサイズは（ア）。",アベレージプーリングの方が大きくなる,マックスプーリングの方が大きくなる,画像によって異なる,同じになる,4,"選択肢4が正解です。
カーネル幅とストライドが同じ場合、アベレージプーリングとマックスプーリングの出力結果のサイズは「同じ」になります。よって、選択肢4が正解です。"
142,ディープラーニングの手法,"（ア）に最もよく当てはまる選択肢を選んでください。
サンプリング周波数の2分の1の周波数のことを（ア）という。",フォルマント周波数,メル周波数ケプストラム係数（MFCC）,周波数スペクトル,ナイキスト周波数,4,"選択肢4が正解です。
ナイキスト周波数とは、サンプリング周波数の2分の1の周波数のことです。

選択肢1：フォルマント周波数とは、音声の周波数スペクトルに現れる周囲よりも強度が大きい周波数帯域であるフォルマントに対応する周波数のことです。
選択肢2：MFCC（メル周波数ケプストラム係数）は、スペクトル包絡を求めるときによく用いられる手法です。
選択肢3：周波数スペクトルとは、音などの波を成分に分解し、各成分（周波数）を見やすく並べたものです。"
143,ディープラーニングの手法,"（ア）に最もよく当てはまる選択肢を選んでください。
自然言語処理のベンチマークとして（ア）がよく使われる。",F値,OpenCV,CX,GLUE,4,"選択肢4が正解です。
GLUEとは、自然言語処理のベンチマーク（指標）のことです。

選択肢1：F値とは、適合率と再現率の調和平均のことです。F値は、「（ 2 × 適合率 × 再現率）÷（適合率＋再現率）」で求めることができます。
選択肢2：OpenCVとは、画像処理・画像解析のためのライブラリのことです。
選択肢3：CXとは、顧客体験のことで、商品の認知からアフターサポートまでの一連の中で得られる総合的な体験のことをいいます。"
144,ディープラーニングの手法,深層強化学習をロボット制御で使うときの問題点として、最も不適切な選択肢を選択してください,ロボットを実際に動かしてデータを収集する場合、データ収集に時間がかかってしまう,ロボットを実際に動かして最適な行動を探索しているとき、周りの機械などを壊してしまう危険性がある,シュミレータを使用することで、全てのロボット制御に関する問題を解決することができる,次元の呪いが発生しにくいように、連続値をどのように扱うのかを決める必要がある,3,"選択肢3が正解です。
シュミレータを使用したとしても、ロボット制御に関する問題を全て解決できるわけではありません。

選択肢1：正しい説明です。ロボットを実際に動かしてデータを収集する場合、データ収集に時間がかかってしまいます。
選択肢2：正しい説明です。ロボットを実際に動かして最適な行動を探索しているとき、周りの機械などを壊してしまう危険性があります。
選択肢4：正しい説明です。次元の呪いが発生しにくいように、連続値をどのように扱うのかを決める必要があります。"
145,ディープラーニングの手法,"（ア）に最もよく当てはまる選択肢を選んでください。
R-CNNは、画像から物体候補領域を抽出した後に、物体候補領域の数だけCNNで処理する必要があるため、時間がかかるという問題点があった。そこで、R-CNNを高速化させたモデルである（ア）が登場した。（ア）は、最初に画像全体をCNNに入力し特徴マップを出力、候補領域に合わせた特徴マップを選択してクラスを識別する手法である。また、CNNの処理が終わった特徴マップから候補領域を固定サイズの特徴マップに変換することを（イ）という。",Fast R-CNN,YOLO,U-Net,DeepLab V3+,1,"選択肢1が正解です。
Fast R-CNNは、R-CNNを高速化させたモデルです。また、Fast R-CNNは、最初に画像全体をCNNに入力し特徴マップを出力、候補領域に合わせた特徴マップを選択してクラスを識別します。

選択肢2：YOLOとは、従来の物体検知と異なり、画像全体をCNNに1回入力するだけで、物体の認識と物体領域の切り出しを同時に行うことができるモデルのことです。
選択肢3：U-Netとは、セマンティックセグメンテーションの代表的な手法の1つで、セグネット（SegNet）と同様にエンコーダとデコーダの構造を取り入れたネットワークのことです。
選択肢4：DeepLab V3+とは、ASPPというモデルを採用したセマンティックセグメンテーションの代表的な手法の1つです。"
146,ディープラーニングの手法,"（イ）に最もよく当てはまる選択肢を選んでください。
R-CNNは、画像から物体候補領域を抽出した後に、物体候補領域の数だけCNNで処理する必要があるため、時間がかかるという問題点があった。そこで、R-CNNを高速化させたモデルである（ア）が登場した。（ア）は、最初に画像全体をCNNに入力し特徴マップを出力、候補領域に合わせた特徴マップを選択してクラスを識別する手法である。また、CNNの処理が終わった特徴マップから候補領域を固定サイズの特徴マップに変換することを（イ）という。",イテレーション,モーメンタム法,ROIプーリング,ファインチューニング,3,"選択肢3が正解です。
POIプーリングとは、Fast R-CNNにおいてCNNの処理が終わった特徴マップから候補領域を上手く固定サイズの特徴マップに変換することをいいます。

選択肢1：イテレーションとは、計算を何度も繰り返すことを意味し、パラメータ（重み）を更新した回数のことを言います。パラメータを20回更新した場合、イテレーション数は、20になります。
選択肢2：モーメンタム法とは、鞍点問題に対応するために考えられた手法で、慣性の考え方を取り入れ、前回の更新量を、現在の更新量に反映させ、学習の停滞を防ぐ手法のことです。
選択肢4：ファインチューニングとは、学習済みのモデルの一部と新しく追加したモデルを組み合わせたモデルなどのパラメータを微調整することを言います。"
147,ディープラーニングの手法,"（ア）に最もよく当てはまる選択肢を選んでください。
RNNにおいて訓練のとき、前の時刻の正解データを現時点の入力データとして使用する手法のことを（ア）という。",復元抽出,TD学習,教師強制,局所結合,3,"選択肢3が正解です。
教師強制とは、RNNにおいて訓練のとき、前の時刻の正解データを現時点の入力データとして使用する手法のことです。

選択肢1：復元抽出とは、サンプルを抽出するとき、一度サンプルを抽出したら元に戻してから、次のサンプルを抽出する方法のことです。
選択肢2：TD学習とは、強化学習の1つで、エピソードの終了まで待たずに状態価値関数や行動価値関数を更新する手法のことです。TD学習の代表的な手法には、Q学習やSARSAがあります。
選択肢4：局所結合とは、一般的なニューラルネットワークと異なり、層の各ユニットが、次の層の特定のユニットのみと結合していることをいいます。"
148,ディープラーニングの手法,"（ア）に最もよく当てはまる選択肢を選んでください。
RNN エンコーダ-デコーダでは、エンコーダで入力された時系列データを（ア）に変換し、デコーダで（ア）を時系列データに変換し出力する。",可変長のベクトル,固定長のベクトル,ワンホットベクトル,サポートベクトル,2,"選択肢2が正解です。
固定長のベクトルとは、あらかじめデータ量などが決まっているベクトルのことです。

選択肢1：可変長のベクトルとは、あらかじめデータ量などが決まっていないベクトルのことです。
選択肢3：ワンホットベクトルとは、1つの値が1、他の値が0になっているベクトルのことを言います。
選択肢4：サポートベクトルとは、サポートベクターマシンにおいて境界線から最も近いデータのことをいいます。"
149,ディープラーニングの手法,"（ア）に最もよく当てはまる選択肢を選んでください。
一般物体検出において、物体が写っている領域を囲む矩形を（ア）という。",バウンディングボックス,OOV,オントロジー,ディスクリミネータ,1,"選択肢1が正解です。
バウンディングボックスとは、物体が写っている領域を囲む矩形（四角形）のことです。

選択肢2：OOVとは、辞書（訓練データ）に存在しない単語のことです。
選択肢3：オントロジーとは、概念を体系化する学問、知識・情報を定義するための仕様などを意味する用語です
選択肢4：ディスクリミネータとは、GANを構成するネットワークの1つで、ジェネレータが生成した画像の真偽を予測するものです。"
150,ディープラーニングの手法,"（ア）に最もよく当てはまる選択肢を選んでください。
DQNの登場以降、深層強化学習にはDQNを改良した様々な手法が登場してきた。例えば、ネットワークにノイズを加えることで、広範囲の探索を行えるようにした手法である（ア）、ダブルDQNや優先度付き経験再生など様々な手法を組み合わせた（イ）などがある。",深層信念ネットワーク,Rainbow,ノイジーネットワーク,AdaBoost,3,"選択肢3が正解です。
ノイジーネットワークとは、DQNを改良したもので、ネットワークにノイズを加えることで、広範囲の探索を行えるようにした手法である。一方、DQNは行動価値が高い行動を選択してしまうため、別の行動を取る確率が低くなってしまい、広範囲の探索が困難であるという特徴があります。

選択肢1：深層信念ネットワークとは、ジェフリー・ヒントンが提唱したモデルで、オートエンコーダの代わりに制限付きボルツマンマシンを積み重ねたモデルのことです。
選択肢2：Rainbowとは、DQNを改良したモデルで、ダブルDQNや優先度付き経験再生など様々な手法を組み合わせた手法です。
選択肢4：AdaBoostとは、ブースティングの手法の1つで、Yoav FreundとRobert Schapireによって考案されました。"
151,ディープラーニングの手法,"（イ）に最もよく当てはまる選択肢を選んでください。
DQNの登場以降、深層強化学習にはDQNを改良した様々な手法が登場してきた。例えば、ネットワークにノイズを加えることで、広範囲の探索を行えるようにした手法である（ア）、ダブルDQNや優先度付き経験再生など様々な手法を組み合わせた（イ）などがある。",深層信念ネットワーク,Rainbow,ノイジーネットワーク,AdaBoost,2,"選択肢2が正解です。
Rainbowとは、DQNを改良したモデルで、ダブルDQNや優先度付き経験再生など様々な手法を組み合わせた手法です。

選択肢1：深層信念ネットワークとは、ジェフリー・ヒントンが提唱したモデルで、オートエンコーダの代わりに制限付きボルツマンマシンを積み重ねたモデルのことです。
選択肢3：ノイジーネットワークとは、DQNを改良したもので、ネットワークにノイズを加えることで、広範囲の探索を行えるようにした手法である。一方、DQNは行動価値が高い行動を選択してしまうため、別の行動を取る確率が低くなってしまい、広範囲の探索が困難であるという特徴があります。
選択肢4：AdaBoostとは、ブースティングの手法の1つで、Yoav FreundとRobert Schapireによって考案されました。"
152,ディープラーニングの手法,"（ア）に最もよく当てはまる選択肢を選んでください。
話者や文脈などによって同じ単語でも各音素の長さは変化してしまう。音声認識において、伸縮する音声から一致するパターンを探すために、（ア）が使われている。（ア）の代表的な手法に、動的計画法を活用した（イ）がある。",スケーリング,伸縮マッチング,ドメインランダマイゼーション,ブースティング,2,"選択肢2が正解です。
伸縮マッチングとは、画像や音声などを変形させて一致する画像や音声を探す、もしくは特定の画像や音声に近づける手法のことを言います。

選択肢1：スケーリングとは、特徴量の範囲を比較がしやすいように処理することです。スケーリングの代表的な手法に、正規化や標準化などがあります。
選択肢3：ドメインランダマイゼーションとは、シミュレータの設定をランダムに変更することで、シュミレータと現実世界のギャップを小さくし、シミュレータから実世界へ移行させたときのモデルの精度低下を防ごうとする手法のことです。
選択肢4：ブースティングとは、アンサンブル学習の1つで、一部のデータを抽出し、モデルを直列的に学習させていく手法です。バギングと比較すると、精度が高くなりやすいという特徴はありますが、並列的に学習できないため時間がかかってしまうというデメリットがあります。"
153,ディープラーニングの手法,"（イ）に最もよく当てはまる選択肢を選んでください。
話者や文脈などによって同じ単語でも各音素の長さは変化してしまう。音声認識において、伸縮する音声から一致するパターンを探すために、（ア）が使われている。（ア）の代表的な手法に、動的計画法を活用した（イ）がある。",カーネルトリック,ディープフェイク,Mini-Max法,DPマッチング,4,"選択肢4が正解です。
DPマッチングとは、伸縮マッチングの代表的な手法で、動的計画法を活用したものです。

選択肢1：カーネルトリックとは、サポートベクターマシン（SVM）において、高次元データの計算を楽にするための手法のことです。
選択肢2：ディープフェイクとは、ディープラーニング技術を利用して、動画や画像などを組み合わせ、フェイクの動画・画像などを作り出すことをいいます。
選択肢3：Mini-Max法とは、自分が手を打つときは自分が有利に、相手が手を打つときは自分が不利になるような手を打つだろうと仮定して戦略を立てる手法のことを言います。"
154,ディープラーニングの手法,"（ア）に最もよく当てはまる選択肢を選んでください。
DQNでは、（ア）と（イ）という学習手法が導入された。（ア）とはターゲットになる過去のネットワークを教師のように見立てて学習する手法である。一方、（イ）とはエージェントがとった行動などをデータとして蓄積しておき、学習時などにランダムにデータを抜き出し学習に使う手法である。",ターゲットネットワーク,デュエリングネットワーク,ノイジーネットワーク,深層信念ネットワーク,1,"選択肢1が正解です。
ターゲットネットワークとは、DQNにおいて学習の精度を高める方法の1つで、ターゲットになる過去のネットワークを教師のように見立てて学習する手法のことです。

選択肢2：デュエリングネットワークとは、強化学習のネットワークを改良したもので、行動価値関数や状態価値関数などを活用したモデルのことです。Q値を状態価値と行動のアドバンテージ価値の2つに分けて学習していきます。
選択肢3：ノイジーネットワークとは、DQNを改良したもので、ネットワークにノイズを加えることで、広範囲の探索を行えるようにした手法のことです。一方、DQNは行動価値が高い行動を選択してしまうため、別の行動を取る確率が低くなってしまい、広範囲の探索が困難であるという特徴があります。
選択肢4：深層信念ネットワークとは、ジェフリー・ヒントンが提唱したモデルで、オートエンコーダの代わりに制限付きボルツマンマシンを積み重ねたモデルのことです。"
155,ディープラーニングの手法,"（イ）に最もよく当てはまる選択肢を選んでください。
DQNでは、（ア）と（イ）という学習手法が導入された。（ア）とはターゲットになる過去のネットワークを教師のように見立てて学習する手法である。一方、（イ）とはエージェントがとった行動などをデータとして蓄積しておき、学習時などにランダムにデータを抜き出し学習に使う手法である。",推論エンジン,HOG特徴量,計算グラフ,経験再生,4,"選択肢4が正解です。
経験再生とは、DQNにおいて学習の精度を高める方法の1つで、エージェントがとった行動などをデータとして蓄積しておき、学習時などにランダムにデータを抜き出し学習に使う手法のことです。

選択肢1：推論エンジンとは、知識ベースから答えを導き出す仕組みのことです。
選択肢2：HOG特徴量とは、画像認識における特徴量の1つで、画像の局所領域（セル）における輝度の勾配方向をヒストグラム化したものです。
選択肢3：計算グラフとは、計算の過程を定義したものをグラフ化したものです。可視化することで、どのような計算がなされているのか直感的に理解しやすくなります。"
156,ディープラーニングの手法,Googleが発表したモデルの1つに（ア）がある。また、（ア）はAutoMLの1つである。,VGGNet,ResNet,NASNet,WordNet,3,"選択肢3が正解です。
NASNetとは、ResNetのResidual BlockをベースにしたNASで、Googleによって発表されたものです。

選択肢1：VGGNetとは、オックスフォード大学のVGG（Visual Geometry Group）が開発したCNNで、AlexNetよりも層をより深くしたモデルになっています。また、少ない層で学習を行い、後から層を追加することで層を深くする方法を採用しています。
選択肢2：ResNetとは、2015年のILSVRCで優勝したモデルで、スキップコネクション（スキップ結合）を加えることで、層が深くなっても学習が上手くいくようになりました。また、ResNetは限られた条件ではありますが、人間の画像識別精度を超えたとされています。
選択肢4：WordNetとは、英語の語彙データベースであり、語彙の類義語や上位概念・下位概念などの情報がまとめられています。"
157,ディープラーニングの手法,"（ア）に最もよく当てはまる選択肢を選んでください。
自然言語処理において、特に文章や背景を理解しないと正しく解けないタスクのことを（ア）という。",背景理解タスク,文脈理解タスク,文章解決タスク,言語理解タスク,4,"選択肢4が正解です。
言語理解タスクとは、自然言語処理において、特に文章や背景を理解しないと正しく解けないタスクのことです。

選択肢1：背景理解タスクという用語はありません。
選択肢2：文脈理解タスクという用語はありません。
選択肢3：文章解決タスクという用語はありません。"
158,ディープラーニングの手法,"（ア）に最もよく当てはまる選択肢を選んでください。
Faster R-CNNは、物体検出から分類まで1つのモデルで可能な（ア）のモデルである。",E2E,OOV,LOD,GPT,1,"選択肢1が正解です。
E2E（end-to-end）とは、「端から端まで」という意味です。ディープラーニングでは、あるタスクに対して入力から出力までを1つのモデルでこなすという意味があります。

選択肢2：OOVとは、辞書（訓練データ）に存在しない単語のことです。
選択肢3：LODとは、ウェブ上でコンピュータ処理に適したデータを公開・共有するための技術のことです。
選択肢4：GPTとは、OpenAIが開発した自然言語処理モデルで、大規模なコーパスを使用して事前学習・ファインチューニングを行うモデルのことです。"
159,ディープラーニングの手法,"（ア）に最もよく当てはまる選択肢を選んでください。
セマンティックセグメンテーションとインスタンスセグメンテーションを組み合わせた手法を（ア）という。",パノプティックセグメンテーション,インセプションモジュール,トランスフォーマー,ファインチューニング,1,"選択肢1が正解です。
パノプティックセグメンテーションとは、セマンティックセグメンテーションとインスタンスセグメンテーションを組み合わせた手法のことです。

選択肢2：インセプションモジュール（Inceptionモジュール）とは、GoogLeNetで用いられているモジュールで、複数のフィルターサイズで畳み込み処理を並列で行います。
選択肢3：トランスフォーマーとは、2017年に発表されたニューラル機械翻訳のモデルです。また、ネットワークにはRNNを使用せずSelf-Attention・Source-Target AttentionのAttention機構で成り立っており、並列処理がしやすく、RNNを使用するよりも高速でモデルの学習が可能という特徴があります。
選択肢4：ファインチューニングとは、学習済みのモデルの一部と新しく追加したモデルを組み合わせたモデルなどのパラメータを微調整することを言います。"
160,ディープラーニングの手法,"（ア）に最もよく当てはまる選択肢を選んでください。
BERTを活用することで様々なタスクを行うことができる。例えば、文章中から固有表現などを抽出し、あらかじめ定義した固有表現分類へ分類する（ア）、文章中の単語に対して品詞を付ける（イ）などがある。",固有名詞分類,表現抽出,固有表現抽出,定義表現抽出,3,"選択肢3が正解です。
固有表現抽出とは、自然言語タスクの1つで、文章中から固有表現などを抽出し、あらかじめ定義した固有表現分類へ分類することです。

選択肢1：固有名詞分類という用語はありません。
選択肢2：表現抽出という用語はありません。
選択肢4：定義表現抽出という用語はありません。"
161,ディープラーニングの手法,"（イ）に最もよく当てはまる選択肢を選んでください。
BERTを活用することで様々なタスクを行うことができる。例えば、文章中から固有表現などを抽出し、あらかじめ定義した固有表現分類へ分類する（ア）、文章中の単語に対して品詞を付ける（イ）などがある。",品詞タグ付け,係り受け解析,品詞分類処理,含意関係認識,1,"選択肢1が正解です。
品詞タグ付けとは、自然言語タスクの1つで、文章中の単語に対して品詞を付ける処理のことです。

選択肢2：係り受け解析とは、主語や述語、修飾語や被修飾語のように、単語同士の関係性を推定することです。
選択肢3：品詞分類処理という用語はありません。
選択肢4：含意関係認識とは、自然言語タスクの1つで、前提と仮説からなる2つの文章を用いて、前提と仮説が正しいか矛盾しているかを推論することです。また、自然言語推論とも呼ばれます。"
162,ディープラーニングの手法,"（ア）に最もよく当てはまる選択肢を選んでください。
OpenCVは様々な処理を行うことができる。例えば、画像のコントラストが全体的に平均化するように調整する（ア）などがある。",ヒストグラム平坦化,伸縮マッチング,アベレージプーリング,平滑化,1,"選択肢1が正解です。
ヒストグラム平坦化とは、画像のコントラストが全体的に平均化するように調整することをいいます。

選択肢2：伸縮マッチングとは、画像や音声などを変形させて一致する画像や音声を探す、もしくは特定の画像や音声に近づける手法のことを言います。
選択肢3：アベレージプーリング（平均値プーリング）とは、プーリングの代表的な手法の1つで、特徴マップの各区間の平均値を抽出することです。
選択肢4：平滑化とは、画像の細かいノイズを除去することを言います。"
163,ディープラーニングの手法,"（ア）に最もよく当てはまる選択肢を選んでください。
モデルを軽量化する代表的な手法として（ア）、（イ）、（ウ）などがある。（ア）とは、学習済みモデルの入力と出力を学習させて、小さなモデルを作成する手法のことである。（イ）は、重みなどのパラメータを小さいビットで表現することで、計算量を減らす手法である。（ウ）とは、ニューラルネットワークのユニットの中で重みが小さい接続を削除し、パラメータ数を削除する手法である。",ドロップアウト,プルーニング,蒸留,早期終了,3,"選択肢3が正解です。
蒸留とは、モデルを軽量化する代表的な手法で、学習済みモデルの入力と出力を学習させて、小さなモデルを作成する手法のことです。また、学習済みモデルを教師モデル、新しく作成するモデルを生徒モデルと言います。

選択肢1：ドロップアウトとは、過学習対策の1つで、学習させるときにランダムにユニットを無効化させることで過学習を防ぎます。
選択肢2：プルーニングとは、モデルを軽量化する代表的な手法で、ニューラルネットワークのユニットの中で重みが小さい接続を削除し、パラメータ数を削除することを言います。パラメータ数が少なくなることで、計算量を減らすことはことはできますが、精度が落ちてしまうデメリットが存在します。
選択肢4：早期終了とは、過学習対策の1つで、汎化誤差が増加し始めたら学習を終了するという手法のことです。汎化誤差とは、学習に使っていないデータに対する予測と正解の誤差のことを言います。"
164,ディープラーニングの手法,"（イ）に最もよく当てはまる選択肢を選んでください。
モデルを軽量化する代表的な手法として（ア）、（イ）、（ウ）などがある。（ア）とは、学習済みモデルの入力と出力を学習させて、小さなモデルを作成する手法のことである。（イ）は、重みなどのパラメータを小さいビットで表現することで、計算量を減らす手法である。（ウ）とは、ニューラルネットワークのユニットの中で重みが小さい接続を削除し、パラメータ数を削除する手法である。",バッチ正規化,早期終了,量子化,プルーニング,3,"選択肢3が正解です。
量子化とは、モデルを軽量化する代表的な手法で、重みなどのパラメータを小さいビットで表現することで、計算量を減らすことができます。一方で、精度が落ちてしまうというデメリットが存在します。

選択肢1：バッチ正規化とは、隠れ層に入力する値を、ミニバッチ単位で正規化する手法のことを言います。バッチ正規化を行うことで、過学習が起きにくくなると言われています。
選択肢2：早期終了とは、過学習対策の1つで、汎化誤差が増加し始めたら学習を終了するという手法のことです。汎化誤差とは、学習に使っていないデータに対する予測と正解の誤差のことを言います。
選択肢4：プルーニングとは、モデルを軽量化する代表的な手法で、ニューラルネットワークのユニットの中で重みが小さい接続を削除し、パラメータ数を削除することを言います。パラメータ数が少なくなることで、計算量を減らすことはことはできますが、精度が落ちてしまうデメリットが存在します。"
165,ディープラーニングの手法,"（ウ）に最もよく当てはまる選択肢を選んでください。
モデルを軽量化する代表的な手法として（ア）、（イ）、（ウ）などがある。（ア）とは、学習済みモデルの入力と出力を学習させて、小さなモデルを作成する手法のことである。（イ）は、重みなどのパラメータを小さいビットで表現することで、計算量を減らす手法である。（ウ）とは、ニューラルネットワークのユニットの中で重みが小さい接続を削除し、パラメータ数を削除する手法である。",ドロップアウト,プルーニング,蒸留,バッチ正規化,2,"選択肢2が正解です。
プルーニングとは、モデルを軽量化する代表的な手法で、ニューラルネットワークのユニットの中で重みが小さい接続を削除し、パラメータ数を削除することを言います。パラメータ数が少なくなることで、計算量を減らすことはことはできますが、精度が落ちてしまうデメリットが存在します。

選択肢1：ドロップアウトとは、過学習対策の1つで、学習させるときにランダムにユニットを無効化させることで過学習を防ぎます。
選択肢3：蒸留とは、モデルを軽量化する代表的な手法で、学習済みモデルの入力と出力を学習させて、小さなモデルを作成する手法のことです。また、学習済みモデルを教師モデル、新しく作成するモデルを生徒モデルと言います。
選択肢4：バッチ正規化とは、隠れ層に入力する値を、ミニバッチ単位で正規化する手法のことを言います。バッチ正規化を行うことで、過学習が起きにくくなると言われています。"
166,ディープラーニングの手法,"（ア）に最もよく当てはまる選択肢を選んでください。
2014年のILSVRCで準優勝したモデルを（ア）という。（ア）は、少ない層で学習を行い、後から層を追加することで層を深くする方法を採用している。",VGGNet,Elastic Net,U-Net,PSPNet,1,"選択肢1が正解です。
VGGNetとは、オックスフォード大学のVGG（Visual Geometry Group）が開発したCNNで、AlexNetよりも層をより深くしたモデルになっています。また、少ない層で学習を行い、後から層を追加することで層を深くする方法を採用しています。

選択肢2：Elastic Netとは、線形回帰にL1正則化とL2正則化を組み合わせたものです。
選択肢3：U-Netとは、セマンティックセグメンテーションの代表的な手法の1つで、セグネット（SegNet）と同様にエンコーダとデコーダの構造を取り入れたネットワークのことです。
選択肢4：PSPNetとは、セマンティックセグメンテーションの代表的な手法の1つで、エンコーダとデコーダの間にPyramid Pooling Moduleが設けられたモデルです。"
167,ディープラーニングの社会実装に向けて,"（ア）に最もよく当てはまる選択肢を選んでください。
インターネットに接続された装置を（ア）という。また、インターネットなどのネットワーク経由でサービスを提供する利用形態を（イ）サービスという。",エッジデバイス,Web API,クラウド,arXiv,1,"選択肢1が正解です。
エッジデバイスとは、インターネットに接続された装置（製品）のことを言います。

選択肢2：Web APIとは、HTTP・HTTPS通信によってやりとりするAPIのことを言います。また、APIとは、機能を外部から使うための仕組みのことです。
選択肢3：クラウドとは、インターネットなどのネットワーク経由でサービスを提供する形態のことです。
選択肢4：arXivとは、論文の公開や閲覧ができるサービスです。"
168,ディープラーニングの社会実装に向けて,"（イ）に最もよく当てはまる選択肢を選んでください。
インターネットに接続された装置を（ア）という。また、インターネットなどのネットワーク経由でサービスを提供する利用形態を（イ）サービスという。",エッジデバイス,Web API,クラウド,arXiv,3,"選択肢3が正解です。
クラウドとは、インターネットなどのネットワーク経由でサービスを提供する形態のことです。

選択肢1：エッジデバイスとは、インターネットに接続された装置（製品）のことを言います。
選択肢2：Web APIとは、HTTP・HTTPS通信によってやりとりするAPIのことを言います。また、APIとは、機能を外部から使うための仕組みのことです。
選択肢4：arXivとは、論文の公開や閲覧ができるサービスです。"
169,ディープラーニングの社会実装に向けて,"（ア）に最もよく当てはまる選択肢を選んでください。
知的財産権は様々な法律によって保護されている。例えば、物品の形状、構造または組み合わせに係るアイデアを保護する法律として（ア）があり、工業デザインなどを保護する法律として（イ）がある。",意匠法,実用新案法,商標法,特許法,2,"選択肢2が正解です。
実用新案法とは、物品の形状、構造または組み合わせに係るアイデアを保護する法律のことです。

選択肢1：意匠法とは、工業デザインなどを保護する法律のことです。
選択肢3：商標法とは、商品やサービスのマークを保護する法律のことです。
選択肢4：特許法とは、発明を保護する法律のことです。"
170,ディープラーニングの社会実装に向けて,"（イ）に最もよく当てはまる選択肢を選んでください。
知的財産権は様々な法律によって保護されている。例えば、物品の形状、構造または組み合わせに係るアイデアを保護する法律として（ア）があり、工業デザインなどを保護する法律として（イ）がある。",意匠法,実用新案法,商標法,特許法,1,"選択肢1が正解です。
意匠法とは、工業デザインなどを保護する法律のことです。

選択肢2：実用新案法とは、物品の形状、構造または組み合わせに係るアイデアを保護する法律のことです。
選択肢3：商標法とは、商品やサービスのマークを保護する法律のことです。
選択肢4：特許法とは、発明を保護する法律のことです。"
171,ディープラーニングの社会実装に向けて,"（ア）に最もよく当てはまる選択肢を選んでください。
オープンデータセットには、様々な種類のものがある。画像データセットには、0〜9の手書き数字のモノクロ画像を集めた（ア）、1400万以上の画像データからなる（イ）などがある。",WordNet,ImageNet,MNIST,CIFAR,3,"選択肢3が正解です。
MNISTとは、0〜9の手書き数字のモノクロ画像を集めたデータセットです。6万の訓練画像と1万の評価画像が含まれています。

選択肢1：WordNetとは、英語の語彙データベースであり、語彙の類義語や上位概念・下位概念などの情報がまとめられています。
選択肢2：ImageNetとは、数千万枚以上ある大規模な画像データベースのことです。画像には、ラベルが設定されていますが、全てのラベルが正しく設定されているわけではありません。
選択肢4：CIFARとは、飛行機や自転車など様々な種類の画像を集めたデータセットです。"
172,ディープラーニングの社会実装に向けて,"（イ）に最もよく当てはまる選択肢を選んでください。
オープンデータセットには、様々な種類のものがある。画像データセットには、0〜9の手書き数字のモノクロ画像を集めた（ア）、1400万以上の画像データからなる（イ）などがある。",WordNet,ImageNet,MNIST,CIFAR,2,"選択肢2が正解です。
ImageNetとは、数千万枚以上ある大規模な画像データベースのことです。画像には、ラベルが設定されていますが、全てのラベルが正しく設定されているわけではありません。

選択肢1：WordNetとは、英語の語彙データベースであり、語彙の類義語や上位概念・下位概念などの情報がまとめられています。
選択肢3：MNISTとは、0〜9の手書き数字のモノクロ画像を集めたデータセットです。6万の訓練画像と1万の評価画像が含まれています。
選択肢4：CIFARとは、飛行機や自転車など様々な種類の画像を集めたデータセットです。"
173,ディープラーニングの社会実装に向けて,"（ア）に最もよく当てはまる選択肢を選んでください。
AIシステムは日常的に多く使われるようになってきたが、思いもよらない学習により問題になるケースが存在する。例えば、Microsoftが開発した会話ボット（ア）は、複数ユーザーによる不適切な学習により、差別的な発言を投稿したことで問題になった。",Tay,PARRY,ELIZA,Watson,1,"選択肢1が正解です。
Tayとは、Microsoftが開発した会話ボットのことです。また、複数ユーザーによる不適切な学習により、差別的な発言を投稿したことで問題になりました。

選択肢2：PARRYとは、ELIZAと同時期にケネス・コルビーによって開発されたチャットボットです。また、ELIZAと会話をしたことがあり、会話の記録も残っています。
選択肢3：ELIZAとは、チャットボット（人工無脳）の元祖となる対話システムです。イライザは、ルールに従って文を返すものでしたが、対話相手が人間だと勘違いする人も存在しました。
選択肢4：Watsonは、IBMが開発した質問応答（Question-Answering）システムで、2011年にアメリカのクイズ番組に出場し、優勝しました。また、ワトソン（Watson）は、蓄積されている大量のデータから最適な回答を見つけ出すシステムであり、質問を理解しているわけではありません。"
174,ディープラーニングの社会実装に向けて,"（ア）に最もよく当てはまる選択肢を選んでください。
顧客、取引先、従業員、経営者、株主など利害関係者のことを（ア）という。",ステークホルダー,ストックホルダー,シェアホルダー,カードホルダー,1,"選択肢1が正解です。
ステークホルダーとは、利害関係者のことをいい、顧客・取引先・従業員・株主などが該当します。

選択肢2：ストックホルダーとは、株を保有している株主のことです。
選択肢3：シェアホルダーとは、議決権を持つ株主のことです。
選択肢4：カードホルダーとは、クレジットカードの保有者のことです。"
175,ディープラーニングの社会実装に向けて,AIの性質に基づいたAIシステムの提供方法の記述として、最も不適切な選択肢を選択して下さい。,クラウド上でWebサービスとして提供,AIシステムを簡単に使えるようにするWeb APIの提供,AIシステムを納品し、更新は行わない,モデルをダウンロードしたエッジデバイスを提供し、モデルを更新し続けるサービスも提供,3,"選択肢3が正解です。
AIの性質上、AIシステムは納品して終わりではなく、更新し続けていく必要があります。そのため、「AIシステムを納品し、更新は行わない」はAIの性質に基づいたAIシステムの提供方法として不適切です。

選択肢1：正しい説明です。AIシステムの提供方法の1つに、クラウド上でAIを活用したWebサービスの提供があります。
選択肢2：正しい説明です。AIシステムの提供方法の1つに、AIシステムを簡単に使えるようにするWeb APIの提供があります。
選択肢4：正しい説明です。AIシステムの提供方法の1つに、モデルをダウンロードしたエッジデバイス、モデルを更新し続けるサービスの提供があります。"
176,ディープラーニングの社会実装に向けて,"（ア）に最もよく当てはまる選択肢を選んでください。
AI開発において、質の高いデータを多く収集することが重要である。しかし、自社だけでデータを収集することは難しい。そこで、企業などが提供している（ア）を購入することがある。",データリーケージ,データクレンジング,メタデータ,オープンデータセット,4,"選択肢4が正解です。
オープンデータセットとは、企業などがネット上で提供している自由に使うことができるデータセットのことです。

選択肢1：データリーケージとは、訓練データ・検証データにテストデータにすべき未知のデータ（本来得られるはずのないデータ）が入ってしまうことを言います。
選択肢2：データクレンジングとは、データの品質を高めるために、データの重複や誤記などの不備、欠損しているデータや無関係なデータを特定して修正、変更、削除などを行うことです。
選択肢3：メタデータとは、データの情報が記述されたデータのことを言います。例えば、「太宰治」に対して「著者」というデータを付与されている場合、「著者」がメタデータになります。"
177,ディープラーニングの社会実装に向けて,"（ア）に最もよく当てはまる選択肢を選んでください。
障壁を打ち破ることを（ア）という。AI開発では多くの（ア）が起きたことで発展した。",シンギュラリティー,プロファイリング,ブレークスルー,エコチェンバー,3,"選択肢3が正解です。
ブレークスルーとは、障壁を打ち破ることです。AI開発では多くのブレークスルーが起きたことで、発展してきました。

選択肢1：シンギュラリティーとは、人工知能の発展により、人間の能力を超える技術的特異点のことを言います。また、人工知能が自分よりも賢い人工知能を作れるようになることで、加速度的に人工知能の性能は飛躍すると予測されています。レイ・カーツワイルは2045年にシンギュラリティーが訪れることを予測しています。
選択肢2：プロファイリングとは、経済状態や趣味嗜好などの個人データを分析することです。また、分析データから個人の行動を予測したりもします。
選択肢4：エコチェンバーとは、自分と似た意見を持つ人が集まる場所に行ったり、SNSなどで自分の意見に近い人をフォローしたりすることで、自分の意見や思想が増幅する現象のことです。"
178,ディープラーニングの社会実装に向けて,"（ア）に最もよく当てはまる選択肢を選んでください。
データマイニングのための指針となる手法のことを（ア）という。（ア）には6つのステップがあり、それぞれのステップを行き来して作業を行っていく。",CRISP-DM,Megatron-LM,DevOps,Actor-Critic,1,"選択肢1が正解です。
CRISP-DMとは、データマイニングのための指針となる手法のことで、6つのステップ（ビジネスの理解、データの理解、データの準備、モデリング、評価、展開）から構成されています。

選択肢2：Megatron-LMとは、NVIDIAが発表した自然言語処理モデルで、パラメータ数は約80億あります。
選択肢3：DevOpsとは、DevelopmentとOperationsの造語で、システムを開発しながら運用していく考え方・開発手法のことを言います。
選択肢4：Actor-Criticとは、行動を選択するActorと評価するCriticで構成された強化学習の手法で、CriticがActorの行動を評価し、Actorが方策を更新していていきます。"
179,ディープラーニングの社会実装に向けて,"（ア）に最もよく当てはまる選択肢を選んでください。
（ア）が「AI・データの利用に関する契約ガイドライン」を策定した。",経済産業省,デジタル庁,内閣府,総務省,1,"選択肢1が正解です。
Pythonとは、AIモデルを開発するときに、よく用いられるプログラミング言語のことです。

選択肢2：IDEとは、一般的な開発ツールを1つにまとめたもので、統合開発環境とも呼ばれています。
選択肢3：Chainerとは、日本のPreferred Networksが開発したディープラーニング用のフレームワークのことです。現在、開発は終了しています。
選択肢4：Dockerとは、仮想環境を簡単に構築・配布・実行するためのプラットフォームです。"
180,ディープラーニングの社会実装に向けて,"（ア）に最もよく当てはまる選択肢を選んでください。
AIモデルを開発するときに、よく用いられるプログラミング言語として（ア）がある。（ア）には数多くのライブラリが揃っており、多くのコードが公開されている。また、（イ）を使用することで仮想環境を簡単に構築することできる。",Python,IDE,Chainer,Docker,1,"選択肢4が正解です。
Dockerとは、仮想環境を簡単に構築・配布・実行するためのプラットフォームです。

選択肢1：Pythonとは、AIモデルを開発するときに、よく用いられるプログラミング言語のことです。
選択肢2：IDEとは、一般的な開発ツールを1つにまとめたもので、統合開発環境とも呼ばれています。
選択肢3：Chainerとは、日本のPreferred Networksが開発したディープラーニング用のフレームワークのことです。現在、開発は終了しています。"
181,ディープラーニングの社会実装に向けて,"（イ）に最もよく当てはまる選択肢を選んでください。
AIモデルを開発するときに、よく用いられるプログラミング言語として（ア）がある。（ア）には数多くのライブラリが揃っており、多くのコードが公開されている。また、（イ）を使用することで仮想環境を簡単に構築することできる。",Python,IDE,Chainer,Docker,4,"選択肢3が正解です。
ディープフェイクとは、ディープラーニング技術を利用して、動画や画像などを組み合わせ、フェイクの動画・画像などを作り出すことをいいます。

選択肢1：データクレンジングとは、データの品質を高めるために、データの重複や誤記などの不備、欠損しているデータや無関係なデータを特定して修正、変更、削除などを行うことです。
選択肢2：スケーリングとは、特徴量の範囲を比較がしやすいように処理することです。スケーリングの代表的な手法に、正規化や標準化などがあります。
選択肢4：カーネルトリックとは、サポートベクターマシン（SVM）において、高次元データの計算を楽にするための手法のことです。"
182,ディープラーニングの社会実装に向けて,"（ア）に最もよく当てはまる選択肢を選んでください。
ディープラーニングを利用して、動画や画像などを組み合わせ、フェイクの動画・画像などを作り出すことを（ア）という。",データクレンジング,スケーリング,ディープフェイク,カーネルトリック,3,"選択肢4が正解です。
オープン・イノベーションとは、組織内外のイノベーションを促進するうえで、組織内外のアイデア、ノウハウ、データなどを組み合わせることです。

選択肢1：オープンデータセットの説明です。 オープンデータセットとは、企業などがネット上で提供している自由に使うことができる情報のことです。
選択肢2：イノベーションの説明です。イノベーションとは、新しい技術・仕組み・ビジネスモデルをなどを取り入れて今までにない新たな価値を創造することです。
選択肢3：産学官連携の説明です。産学官連携とは、新技術などを創造するために、企業・大学や研究機関・行政が連携することです。"
183,ディープラーニングの社会実装に向けて,オープン・イノベーションの説明として最も適切な選択肢を選択してください。,企業などがネット上で提供している自由に使うことができる情報のこと,新しい技術・仕組み・ビジネスモデルをなどを取り入れて今までにない新たな価値を創造すること,新技術などを創造するために、企業・大学や研究機関・行政が連携すること,組織内外のイノベーションを促進するうえで、組織内外のアイデア、ノウハウ、データなどを組み合わせること,4,"選択肢1が正解です。
FATとは、Fairness（公平性）、Accountability（説明責任）、Transparency（透明性）の頭文字をとった用語です。

選択肢2：ELSIとは、Ethical、 Legal and Social Issuesの頭文字をとったもので、倫理的・法的・社会的な課題の総称のことです。
選択肢3：XAIとは、説明可能なAIのことで、推論した結果などのプロセスを人間が理解できる形で提示してくれるAIのことです。
選択肢4：ACMとは、米国コンピューター学会のことで、彼らが主催するACM FATでは機械学習だけではなく、哲学などを交えて様々な議論が行われています。"
184,ディープラーニングの社会実装に向けて,"（ア）に最もよく当てはまる選択肢を選んでください。
公平性、説明責任、透明性のことを（ア）という。",FAT,ELSI,XAI,ACM,1,"選択肢4が正解です。
透明性レポートとは、利用者のデータなどをどのように活用しているのか、政府などに情報提供した件数はどれくらいかなどをまとめたレポートのことです。

選択肢1：活動レポートとは、活動に関するレポートのことです。企業の活動をまとめたレポートです。
選択肢2：提供レポートという用語はありません。
選択肢3：利用レポートとは、ユーザーが何かサービスを利用したときに、利用したことに関する情報が書かれたレポートのことです。"
185,ディープラーニングの社会実装に向けて,"（ア）に最もよく当てはまる選択肢を選んでください。
利用者のデータなどをどのように活用しているのか、政府などに情報提供した件数などをまとめたレポートを（ア）という。",活動レポート,提供レポート,利用レポート,透明性レポート,4,"選択肢2が正解です。
コーポレートガバナンス（企業統治）とは、会社経営が適切に行われているか監視・統制する仕組みのことです。

選択肢1：シリアス・ゲームとは、何かしらの社会問題の解決を目的としたゲームのことです。
選択肢3：ハードクラスタリングとは、各データが1つのクラスタに所属するようにクラスタリングを行うことです。
選択肢4：エキスパートシステムとは、特定の専門分野の知識を大量に取り込み、その知識をもとに専門家のように様々な推論・判断を行うシステムのことを言います。"
186,ディープラーニングの社会実装に向けて,"（ア）に最もよく当てはまる選択肢を選んでください。
企業経営が適切に行われているか監視する仕組みのことを（ア）という。",シリアスゲーム,コーポレートガバナンス,ハードクラスタリング,エキスパートシステム,2,"選択肢3が正解です。
データクレンジングとは、データの品質を高めるために、データの重複や誤記などの不備、欠損しているデータや無関係なデータを特定して修正、変更、削除などを行うことです。

選択肢1：ブートストラップサンプリングとは、重複を許して無作為に一部のデータを抽出することです。
選択肢2：DPマッチングとは、伸縮マッチングの代表的な手法で、動的計画法を活用したものです。
選択肢4：スケーリングとは、特徴量の範囲を比較がしやすいように処理することです。スケーリングの代表的な手法に、正規化や標準化などがあります。"
187,ディープラーニングの社会実装に向けて,"（ア）に最もよく当てはまる選択肢を選んでください。
データの品質を高めるために、データの重複や誤記などの不備、欠損しているデータや無関係なデータを特定して修正、変更、削除などを行うことを（ア）という。",ブートストラップサンプリング,DPマッチング,データクレンジング,スケーリング,3,"選択肢1が正解です。
ラベルエンコーディングとは、カテゴリ変数を数値化する方法の1つで、各カテゴリに対して一意の数値を割り振る手法のことです。例えば、パソコンを1、スマホを2のように各カテゴリに対して数値を割り振っていきます。

選択肢2：ターゲットエンコーディングとは、カテゴリ変数を数値化する方法の1つで、カテゴリの目的変数の平均を、そのカテゴリの数値として割り振る手法のことです。
選択肢3：ワンホットエンコーディングとは、カテゴリ変数を数値化する方法の1つで、カテゴリ変数をワンホット表現に変換する手法です。ワンホット表現とは、1つの値が1、他の値を0で表す表現方法のことです。
選択肢4：カウントエンコーディングとは、カテゴリ変数を数値化する方法の1つで、データにカテゴリが登場した回数をカテゴリの数値として割り振る手法のことです。例えば、ユーザーデータがあり、データ全体で血液型がB型である人が15人いた場合、B型を15と数値に変換します。"
188,ディープラーニングの社会実装に向けて,"（ア）に最もよく当てはまる選択肢を選んでください。
カテゴリ変数を数値化する手法として、（ア）や（イ）などがある。（ア）とは各カテゴリに対して一意の数値を割り振る手法のことであり、（イ）とはデータにカテゴリが登場した回数をカテゴリの数値として割り振る手法のことである。",ラベルエンコーディング,ターゲットエンコーディング,ワンホットエンコーディング,カウントエンコーディング,1,"選択肢4が正解です。
カウントエンコーディングとは、カテゴリ変数を数値化する方法の1つで、データにカテゴリが登場した回数をカテゴリの数値として割り振る手法のことです。例えば、ユーザーデータがあり、データ全体で血液型がB型である人が15人いた場合、B型を15と数値に変換します。

選択肢1：ラベルエンコーディングとは、カテゴリ変数を数値化する方法の1つで、各カテゴリに対して一意の数値を割り振る手法のことです。例えば、パソコンを1、スマホを2のように各カテゴリに対して数値を割り振っていきます。
選択肢2：ターゲットエンコーディングとは、カテゴリ変数を数値化する方法の1つで、カテゴリの目的変数の平均を、そのカテゴリの数値として割り振る手法のことです。
選択肢3：ワンホットエンコーディングとは、カテゴリ変数を数値化する方法の1つで、カテゴリ変数をワンホット表現に変換する手法です。ワンホット表現とは、1つの値が1、他の値を0で表す表現方法のことです。"
189,ディープラーニングの社会実装に向けて,"（イ）に最もよく当てはまる選択肢を選んでください。
カテゴリ変数を数値化する手法として、（ア）や（イ）などがある。（ア）とは各カテゴリに対して一意の数値を割り振る手法のことであり、（イ）とはデータにカテゴリが登場した回数をカテゴリの数値として割り振る手法のことである。",ラベルエンコーディング,ターゲットエンコーディング,ワンホットエンコーディング,カウントエンコーディング,4,"選択肢2が正解です。
エコチェンバーとは、自分と似た意見を持つ人が集まる場所に行ったり、SNSなどで自分の意見に近い人をフォローしたりすることで、自分の意見や思想が増幅する現象のことです。

選択肢1：フレーム問題とは、処理能力が限られている人工知能では、現実に起こりうる全ての問題に対応することができないという問題のことです。フレーム問題は、人工知能における解決するべき重要な問題の1つです。
選択肢3：ザイオンス効果とは、接触回数が増えると、その人に対して好印象を持つ心理効果のことを言います。
選択肢4：コールドスタート問題とは、協調フィルタリングにおける問題の1つで、データ量が少ない場合、ユーザーにとって適切な情報を提示できないという問題のことです。"
190,ディープラーニングの社会実装に向けて,"（ア）に最もよく当てはまる選択肢を選んでください。
自分と似た意見を持つ人が集まる場所に行ったり、SNSなどで自分の意見に近い人をフォローしたりすることで、自分の意見や思想が増幅する現象のことを（ア）という。",フレーム問題,エコチェンバー,ザイオンス効果,コールドスタート問題,2,"選択肢3が正解です。
「人間中心のAI社会原則」の基本理念は、「持続性ある社会」「人間の尊厳が尊重される社会」「多様な背景を持つ人々が多様な幸せを追求できる社会」です。以上から、選択肢3の「透明性の高いAIを使用した安全性の高い社会」は基本理念ではないので、選択3が答えになります。"
191,ディープラーニングの社会実装に向けて,内閣府が公表した「人間中心のAI社会原則」の基本理念として最も不適切な選択肢を選択してください。,持続性ある社会,人間の尊厳が尊重される社会,透明性の高いAIを使用した安全性の高い社会,多様な背景を持つ人々が多様な幸せを追求できる社会,3,"選択肢3が正解です。
Courseraとは、世界中の大学の授業を受講できるサービスです。

選択肢1：GitHubとは、ソースコードを保存・共有ができるサービスのことです。
選択肢2：Google Scholarとは、Googleが提供している論文の検索サービスのことです。
選択肢4：Kaggleとは、データサイエンティストやエンジニアなどがモデルや分析手法の精度などを競い合うプラットフォームのことです。"
192,ディープラーニングの社会実装に向けて,"（ア）に最もよく当てはまる選択肢を選んでください。
技術者を支援する無料のサービスは数多く存在する。例えば、世界中の大学の授業を受講できる（ア）、ソースコードを保存・共有ができる（イ）、論文の公開や閲覧ができる（ウ）などがある。",GitHub,Google Scholar,Coursera,Kaggle,3,"選択肢3が正解です。
GitHubとは、ソースコードを保存・共有ができるサービスのことです。

選択肢1：arXivとは、論文の公開や閲覧ができるサービスです。
選択肢2：Stack Overflowとは、プログラミング技術に関するナレッジコミュニティのことです。
選択肢4：OpenAI Gymとは、強化学習のシミュレーション用プラットフォームのことです。"
193,ディープラーニングの社会実装に向けて,"（イ）に最もよく当てはまる選択肢を選んでください。
技術者を支援する無料のサービスは数多く存在する。例えば、世界中の大学の授業を受講できる（ア）、ソースコードを保存・共有ができる（イ）、論文の公開や閲覧ができる（ウ）などがある。",arXiv,Stack Overflow,GitHub,OpenAI Gym,3,"選択肢1が正解です。
arXivとは、論文の公開や閲覧ができるサービスです。

選択肢2：Stack Overflowとは、プログラミング技術に関するナレッジコミュニティのことです。
選択肢3：Kaggleとは、データサイエンティストやエンジニアなどがモデルや分析手法の精度などを競い合うプラットフォームのことです。
選択肢4：MOOC（MOOCs）とは、大規模なオンライン講義が受けられるサービスのことです。"
194,ディープラーニングの社会実装に向けて,"（ウ）に最もよく当てはまる選択肢を選んでください。
技術者を支援する無料のサービスは数多く存在する。例えば、世界中の大学の授業を受講できる（ア）、ソースコードを保存・共有ができる（イ）、論文の公開や閲覧ができる（ウ）などがある。",arXiv,Stack Overflow,Kaggle,MOOC（MOOCs）,1,"選択肢4が正解です。
AWS（自律型兵器）とは、人間の介在なしで、人工知能などが自動的に攻撃対象を決めて攻撃する兵器のことです。

選択肢1：LAWS（自律型致死兵器システム）とは、殺傷能力等を有する自律型兵器（AWS）のことです。
選択肢2：ICMLとは、機械学習の国際会議のことです。
選択肢3：ACMとは、米国コンピューター学会のことで、彼らが主催するACM FATでは機械学習だけではなく、哲学などを交えて様々な議論が行われています。"
195,ディープラーニングの社会実装に向けて,"（ア）に最もよく当てはまる選択肢を選んでください。
人間の介在なしで、人工知能などが自動的に攻撃対象を決めて攻撃する兵器のことを（ア）という。殺傷能力等を有する（ア）を（イ）という。これらの武器の研究開発を禁止すべきだと世界中で議論されている。",LAWS,ICML,ACM,AWS,4,"選択肢1が正解です。
LAWS（自律型致死兵器システム）とは、殺傷能力等を有する自律型兵器（AWS）のことです。

選択肢2：ICMLとは、機械学習の国際会議のことです。
選択肢3：ACMとは、米国コンピューター学会のことで、彼らが主催するACM FATでは機械学習だけではなく、哲学などを交えて様々な議論が行われています。
選択肢4：AWS（自律型兵器）とは、人間の介在なしで、人工知能などが自動的に攻撃対象を決めて攻撃する兵器のことです。"
196,ディープラーニングの社会実装に向けて,"（イ）に最もよく当てはまる選択肢を選んでください。
人間の介在なしで、人工知能などが自動的に攻撃対象を決めて攻撃する兵器のことを（ア）という。殺傷能力等を有する（ア）を（イ）という。これらの武器の研究開発を禁止すべきだと世界中で議論されている。",LAWS,ICML,ACM,AWS,1,"選択肢3が正解です。
レベル3の運転主体は、システムと運転手（人間）です。よって、選択肢3が答えです。

選択肢1：レベル1の運転主体は、運転手（人間）です。
選択肢2：レベル2の運転主体は、運転手（人間）です。
選択肢4：レベル4の運転主体は、システムです。"
197,ディープラーニングの社会実装に向けて,"（ア）に最もよく当てはまる選択肢を選んでください。
運転主体がシステムと人間である自動運転レベルは（ア）である。",レベル1,レベル2,レベル3,レベル4,3,"選択肢4が正解です。
フレームワークとは、アプリケーションソフトウェア等の実装に必要となる一般的な機能や定型コードをひな形としてひとまとまりにしたものです。

選択肢1：計算グラフとは、計算の過程を定義したものをグラフ化したものです。可視化することで、どのような計算がなされているのか直感的に理解しやすくなります。
選択肢2：ライブラリとは、様々な機能を簡単に使えるような形でひとまとまりにしたものです。
選択肢3：クラウドとは、インターネットなどのネットワーク経由でサービスを提供する形態のことです。"
198,ディープラーニングの社会実装に向けて,"（ア）に最もよく当てはまる選択肢を選んでください。
アプリケーションソフトウェア等の実装に必要となる一般的な機能や定型コードをひな形としてひとまとまりにしたものを（ア）という。また、様々な機能を簡単に使えるような形でひとまとまりにしたものを（イ）という。",計算グラフ,ライブラリ,クラウド,フレームワーク,4,"選択肢2が正解です。
ライブラリとは、様々な機能を簡単に使えるような形でひとまとまりにしたものです。

選択肢1：計算グラフとは、計算の過程を定義したものをグラフ化したものです。可視化することで、どのような計算がなされているのか直感的に理解しやすくなります。
選択肢3：クラウドとは、インターネットなどのネットワーク経由でサービスを提供する形態のことです。
選択肢4：フレームワークとは、アプリケーションソフトウェア等の実装に必要となる一般的な機能や定型コードをひな形としてひとまとまりにしたものです。"
199,ディープラーニングの社会実装に向けて,"（イ）に最もよく当てはまる選択肢を選んでください。
アプリケーションソフトウェア等の実装に必要となる一般的な機能や定型コードをひな形としてひとまとまりにしたものを（ア）という。また、様々な機能を簡単に使えるような形でひとまとまりにしたものを（イ）という。",計算グラフ,ライブラリ,クラウド,フレームワーク,2,"選択肢3が正解です。
情報量とは、あるできごとが起きた際、それがどれほど起こりにくいかを表す尺度のことです。

選択肢1：希少尺度という用語はありません。
選択肢2：シャノン定数という用語はありません。
選択肢4：事象尺度という用語はありません。"
200,ディープラーニングの社会実装に向けて,"（ア）に最もよく当てはまる選択肢を選んでください。
あるできごとが起きた際、それがどれほど起こりにくいかを表す尺度のことを（ア）という。また、（イ）とも呼ばれる。",希少尺度,シャノン定数,情報量,事象尺度,3,"選択肢1が正解です。
エントロピーとは、あるできごとが起きた際、それがどれほど起こりにくいかを表す尺度のことです。情報量ともいいます。

選択肢2：Q値とは、行動価値関数から返ってくる値のことです。
選択肢3：チャンネル数とは、畳み込み層にて作成された特徴マップの数のことです。基本的に、特徴マップはカーネルの枚数分作成されます。
選択肢4：HOG特徴量とは、画像認識における特徴量の1つで、画像の局所領域（セル）における輝度の勾配方向をヒストグラム化したものです。"
201,ディープラーニングの社会実装に向けて,"（イ）に最もよく当てはまる選択肢を選んでください。
あるできごとが起きた際、それがどれほど起こりにくいかを表す尺度のことを（ア）という。また、（イ）とも呼ばれる。",エントロピー,Q値,チャンネル数,HOG特徴量,1,"選択肢3が正解です。
2021年、日本で「レベル3」の自動運転車が販売されました。レベル3の自動運転は、システムが限定した領域で運転タスクを実施をしますが、作業継続が困難な場合は人間が運転タスクを実施します。また、レベル3の自動運転は条件付運転自動化と言われ、運転主体は基本的にシステムですが、作業継続が困難な場合は運転手です

選択肢1：レベル1の自動運転では、システムが加速・減速制御またはハンドル操作の一方を実施します。また、レベル1の自動運転は運転支援と言われ、運転主体は運転手です。
選択肢2：レベル2の自動運転は、システムが加速・減速制御、ハンドル操作をともに実施します。また、レベル2の自動運転は部分運転自動化と言われ、運転主体は運転手です。
選択肢4：レベル4の自動運転は、システムが限定した領域で全ての運転タスクを実施し、利用者は関与しません。また、レベル4の自動運転は高度運転自動化と言われ、運転主体はシステムです。"
202,ディープラーニングの社会実装に向けて,"（ア）に最もよく当てはまる選択肢を選んでください。
2021年、日本で（ア）の自動運転車が販売された。渋滞していないときの高速道路などでは、システムが運転を行う。",レベル1,レベル2,レベル3,レベル4,3,"選択肢3が正解です。
作動状態記録装置とは、自動運行装置の作動状態を確認するために必要な情報を記録する装置のことです。現在、作動状態記録装置の整備と記録保存が義務付けられています。

選択肢1：自動運行確認装置という用語はありません。
選択肢2：運行情報管理装置という用語はありません。
選択肢4：作動確認管理装置という用語はありません。"
203,数理統計,"（ア）に最もよく当てはまる選択肢を選んでください。
偏差を2乗したものの平均を（ア）という。また、（ア）の平方根を（イ）という。",分散,共分散,標準偏差,相関係数,1,"選択肢1が正解です。
分散とは、データの散らばり度合いを表す値の1つで、偏差を2乗したものの平均で求めることができます。

選択肢2：共分散とは、2種類のデータの関係を表す値の1つで、2種類のデータの偏差同士の積の平均で求めることができます。
選択肢3：標準偏差とは、データの散らばり度合いを表す値の1つで、分散の平方根で求めることができます。
選択肢4：相関係数とは、2種類のデータの関係を表す値の1つで、共分散を2種類のデータの標準偏差で割って求めることができます。相関係数は−1〜1の値を取ります。"
204,数理統計,"（イ）に最もよく当てはまる選択肢を選んでください。
偏差を2乗したものの平均を（ア）という。また、（ア）の平方根を（イ）という。",分散,共分散,標準偏差,相関係数,3,"選択肢3が正解です。
標準偏差とは、データの散らばり度合いを表す値の1つで、分散の平方根で求めることができます。

選択肢1：分散とは、データの散らばり度合いを表す値の1つで、偏差を2乗したものの平均で求めることができます。
選択肢2：共分散とは、2種類のデータの関係を表す値の1つで、2種類のデータの偏差同士の積の平均で求めることができます。
選択肢4：相関係数とは、2種類のデータの関係を表す値の1つで、共分散を2種類のデータの標準偏差で割って求めることができます。相関係数は−1〜1の値を取ります。"
205,数理統計,ポアソン回帰を使用する例として最も適切な選択肢を選択してください。,アイスの売上予測,A株式会社の来月の売上,A地域における事故の発生回数,B地域における1年後の新生児の数,3,"選択肢3が正解です。
ポアソン回帰とは、ポアソン分布を使用して、起こる確率が低い事象の発生回数を予測する手法のことです。以上から、選択肢3の「A地域における事故の発生回数」が正解になります。"
206,数理統計,"（ア）に最もよく当てはまる選択肢を選んでください。
相関には強い相関と弱い相関が存在する。相関係数が（ア）に近いとき正の相関かつ強い相関であり、（イ）に近いとき負の相関かつ強い相関である。また、（ウ）に近づくほど相関は弱くなる。",-1,0,1,−1または1,3,"選択肢3が正解です。
相関係数が「1」に近いとき正の相関かつ強い相関になります。"
207,数理統計,"（イ）に最もよく当てはまる選択肢を選んでください。
相関には強い相関と弱い相関が存在する。相関係数が（ア）に近いとき正の相関かつ強い相関であり、（イ）に近いとき負の相関かつ強い相関である。また、（ウ）に近づくほど相関は弱くなる。",-1,0,1,−1または1,1,"選択肢1が正解です。
相関係数が「−1」に近いとき負の相関かつ強い相関になります。"
208,数理統計,"（ウ）に最もよく当てはまる選択肢を選んでください。
相関には強い相関と弱い相関が存在する。相関係数が（ア）に近いとき正の相関かつ強い相関であり、（イ）に近いとき負の相関かつ強い相関である。また、（ウ）に近づくほど相関は弱くなる。",-1,0,1,−1または1,2,"選択肢2が正解です。
相関係数が「0」に近づくほど相関は弱くなります。"
